competitor_id,competitor_name,region,market_share_percent,avg_delivery_time_days,pricing_tier,service_rating,coverage_cities,data_date
COMP-001,DPD,North,23.38,6.7,budget,2.84,163,2024-12-01
COMP-002,Transporeon,Central,1.25,6.0,standard,3.71,471,2024-09-10
COMP-003,Flexport,South,18.49,3.0,premium,2.94,467,2024-09-04
COMP-004,UPS,East,16.38,6.1,standard,2.72,108,2024-12-03
COMP-005,Schenker,Central,24.18,2.5,budget,4.17,463,2024-12-21
COMP-006,Schenker,North,21.85,4.4,premium,3.51,408,2024-02-15
COMP-007,Hermes,Central,,3.0,premium,4.97,214,2024-12-10
COMP-008,Schenker,Nationwide,4.11,5.6,premium,4.92,207,2024-10-15
COMP-009,DSV,East,17.33,6.1,standard,3.39,285,2024-03-16
COMP-010,DSV,South,6.83,3.8,premium,3.99,129,2024-11-22
COMP-011,DSV,East,13.73,5.7,standard,4.61,170,2024-11-12
COMP-012,Schenker,West,17.44,1.1,standard,4.52,48,2024-04-19
COMP-013,DB Schenker,North,20.43,3.9,standard,4.33,485,2024-09-11
COMP-014,GLS,Nationwide,18.67,5.9,budget,3.24,391,2024-12-03
COMP-015,C.H. Robinson,West,4.9,6.3,budget,3.67,70,2024-02-27
COMP-016,Freightos,East,,6.6,budget,3.08,499,2024-06-02
COMP-017,DPD,Central,1.83,6.0,standard,3.55,221,2024-01-24
COMP-018,Schenker,Nationwide,19.09,6.0,budget,2.54,14,2024-01-10
COMP-019,FedEx,East,15.83,2.1,budget,4.66,407,2024-02-21
COMP-020,FedEx,Central,,4.6,premium,4.91,37,2024-12-25
COMP-021,DPD,South,,4.8,premium,2.75,500,2024-03-10
COMP-022,Transporeon,Nationwide,12.87,1.1,standard,2.87,25,2024-04-22
COMP-023,DB Schenker,South,22.79,2.1,standard,3.76,279,2024-08-10
COMP-024,FedEx,Nationwide,4.91,6.9,premium,4.13,458,2024-01-23
COMP-025,C.H. Robinson,East,21.54,5.2,standard,3.02,186,2024-10-04
COMP-026,Flexport,Nationwide,6.3,5.0,standard,4.71,25,2024-09-13
COMP-027,DPD,West,19.39,3.8,budget,2.55,146,2024-08-22
COMP-028,Hermes,South,2.65,2.5,budget,4.8,447,2024-02-23
COMP-029,Flexport,Nationwide,5.63,4.9,standard,3.09,294,2024-07-22
COMP-030,Coyote,Central,4.51,6.2,budget,3.34,406,2024-04-21
COMP-031,Coyote,North,12.64,3.7,premium,2.58,447,2024-04-17
COMP-032,DSV,Central,14.32,1.7,standard,3.68,484,2024-07-23
COMP-033,Flexport,Nationwide,18.26,3.0,budget,4.4,450,2024-08-17
COMP-034,DSV,West,17.72,3.0,standard,2.98,138,2024-12-03
COMP-035,DHL,North,1.36,6.8,premium,4.43,445,2024-09-21
COMP-036,Schenker,North,7.0,2.9,premium,3.94,346,2024-03-18
COMP-037,DHL,East,4.92,1.9,standard,3.74,239,2024-01-16
COMP-038,DSV,East,4.06,2.7,standard,3.59,316,2024-09-22
COMP-039,UPS,North,14.83,5.4,premium,3.49,490,2024-07-01
COMP-040,DHL,South,13.55,6.2,budget,3.25,128,2024-06-26
COMP-041,Transporeon,West,1.64,3.2,budget,3.83,441,2024-10-07
COMP-042,DB Schenker,East,22.58,5.8,premium,4.01,290,2024-10-17
COMP-043,DSV,Central,22.18,6.5,budget,3.78,478,2024-01-22
COMP-044,Transporeon,North,17.2,2.7,premium,4.36,270,2024-02-11
COMP-045,Freightos,South,16.07,3.9,premium,4.6,107,2024-06-10
COMP-046,DHL,North,,2.6,standard,3.06,230,2024-08-26
COMP-047,Hermes,North,,4.3,premium,3.49,408,2024-08-22
COMP-048,GLS,East,16.99,4.5,budget,2.83,471,2024-06-09
COMP-049,C.H. Robinson,West,12.19,3.9,budget,4.55,307,2024-02-01
COMP-050,DB Schenker,Central,,3.2,premium,3.43,434,2024-06-08
COMP-051,Hermes,West,2.04,3.5,standard,2.62,294,2024-01-20
COMP-052,Coyote,North,3.5,1.9,standard,3.94,110,2024-03-12
COMP-053,DSV,Central,2.85,2.5,budget,3.18,449,2024-04-18
COMP-054,DHL,Central,19.77,1.4,standard,4.34,57,2024-08-09
COMP-055,C.H. Robinson,Central,18.26,3.5,budget,4.38,215,2024-07-02
COMP-056,Flexport,West,24.54,6.7,budget,3.31,307,2024-05-09
COMP-057,DSV,Nationwide,10.97,4.1,budget,3.75,215,2024-09-15
COMP-058,Kuehne+Nagel,East,6.37,3.6,budget,2.77,474,2024-02-27
COMP-059,UPS,South,16.99,2.1,budget,2.74,110,2024-03-17
COMP-060,Transporeon,South,9.18,6.2,budget,4.43,76,2024-07-04
COMP-061,DB Schenker,South,22.78,6.3,standard,4.72,438,2024-03-23
COMP-062,Hermes,East,3.96,4.9,standard,4.84,249,2024-07-14
COMP-063,DSV,Nationwide,17.74,5.8,premium,2.68,179,2024-08-22
COMP-064,FedEx,West,,6.7,premium,4.51,436,2024-08-06
COMP-065,DPD,South,24.5,5.7,standard,4.07,111,2024-12-15
COMP-066,DHL,Central,7.01,1.6,standard,3.59,444,2024-11-25
COMP-067,DSV,East,8.68,6.0,budget,3.16,340,2024-08-28
COMP-068,DB Schenker,Nationwide,6.37,1.2,budget,3.98,68,2024-05-18
COMP-069,Flexport,Central,7.36,5.7,standard,3.21,283,2024-06-23
COMP-070,Transporeon,North,,5.8,premium,2.71,19,2024-02-21
COMP-071,Flexport,East,10.98,2.5,premium,4.68,361,2024-04-11
COMP-072,DHL,Central,8.66,2.9,standard,3.12,151,2024-02-07
COMP-073,Freightos,North,14.57,2.8,premium,3.8,238,2024-12-15
COMP-074,Flexport,South,16.69,2.9,premium,4.17,233,2024-10-17
COMP-075,Schenker,Nationwide,17.25,5.8,premium,4.89,403,2024-06-11
COMP-076,C.H. Robinson,North,23.07,1.9,standard,4.09,465,2024-07-27
COMP-077,Coyote,Central,24.57,4.3,budget,3.3,294,2024-03-06
COMP-078,Hermes,East,19.21,1.5,premium,3.41,311,2024-08-20
COMP-079,C.H. Robinson,South,1.58,1.4,premium,2.94,437,2024-06-02
COMP-080,Hermes,East,18.32,2.1,budget,4.03,332,2024-09-08
COMP-081,DHL,West,17.3,4.6,standard,3.78,254,2024-12-20
COMP-082,Transporeon,West,6.26,2.0,budget,4.42,228,2024-04-11
COMP-083,C.H. Robinson,South,,5.6,budget,4.2,462,2024-09-07
COMP-084,DSV,Nationwide,23.71,4.8,premium,4.99,385,2024-05-01
COMP-085,GLS,North,13.53,5.5,premium,3.79,313,2024-07-23
COMP-086,Transporeon,East,8.47,5.0,standard,4.81,288,2024-07-28
COMP-087,GLS,Central,22.69,6.6,premium,3.54,398,2024-01-14
COMP-088,Coyote,Nationwide,14.91,2.5,standard,4.46,410,2024-12-07
COMP-089,FedEx,East,22.56,3.5,budget,3.82,187,2024-09-02
COMP-090,DSV,East,21.73,1.3,premium,4.46,10,2024-05-05
COMP-091,GLS,East,15.21,2.7,standard,3.06,230,2024-05-12
COMP-092,Freightos,North,20.33,4.4,premium,2.56,37,2024-12-21
COMP-093,UPS,Central,11.76,3.6,premium,4.4,447,2024-11-01
COMP-094,DHL,Central,6.68,6.7,premium,4.94,96,2024-08-02
COMP-095,DB Schenker,East,14.61,1.5,budget,4.58,331,2024-04-23
COMP-096,Flexport,Central,23.05,2.1,standard,4.89,83,2024-02-09
COMP-097,Freightos,North,4.67,4.5,premium,2.97,292,2024-11-17
COMP-098,Transporeon,South,16.28,4.8,budget,4.18,94,2024-11-01
COMP-099,Transporeon,East,1.72,2.3,standard,3.39,352,2024-09-09
COMP-100,C.H. Robinson,West,23.72,3.4,budget,4.75,362,2024-07-16
COMP-101,Hermes,Central,8.69,3.8,standard,2.58,347,2024-12-18
COMP-102,Kuehne+Nagel,West,23.96,2.5,premium,4.77,481,2024-12-26
COMP-103,UPS,Central,15.72,6.7,budget,4.4,465,2024-01-20
COMP-104,DHL,East,,1.2,budget,2.76,336,2024-12-04
COMP-105,Coyote,South,,5.5,budget,4.13,61,2024-02-25
COMP-106,Transporeon,Central,14.3,4.0,premium,4.35,253,2024-04-05
COMP-107,C.H. Robinson,West,24.98,3.3,standard,2.81,69,2024-11-25
COMP-108,Schenker,East,19.03,2.7,budget,3.06,446,2024-06-24
COMP-109,Transporeon,East,,3.1,premium,4.41,432,2024-01-11
COMP-110,GLS,West,,6.3,premium,4.99,415,2024-04-05
COMP-111,Flexport,South,23.33,1.4,premium,4.57,99,2024-07-11
COMP-112,DHL,Central,,4.3,budget,3.37,225,2024-08-26
COMP-113,Flexport,Nationwide,5.15,2.0,premium,4.43,468,2024-04-06
COMP-114,DB Schenker,Nationwide,22.46,1.7,standard,4.52,200,2024-02-21
COMP-115,FedEx,West,16.02,2.8,standard,3.37,230,2024-10-02
COMP-116,Schenker,Nationwide,14.23,6.2,standard,3.3,17,2024-03-14
COMP-117,GLS,West,,3.0,budget,4.68,142,2024-08-28
COMP-118,Flexport,Nationwide,5.62,6.4,standard,3.27,322,2024-02-24
COMP-119,DHL,North,,2.6,premium,4.92,67,2024-12-22
COMP-120,Kuehne+Nagel,South,17.71,2.6,premium,3.69,295,2024-05-08
COMP-121,DB Schenker,Central,7.01,5.2,standard,3.62,401,2024-12-19
COMP-122,GLS,Central,22.65,4.8,budget,4.82,451,2024-03-28
COMP-123,Freightos,Nationwide,5.57,5.2,budget,4.23,417,2024-12-13
COMP-124,DPD,South,10.54,3.2,standard,2.92,389,2024-05-26
COMP-125,DPD,North,,5.4,standard,4.94,434,2024-06-01
COMP-126,GLS,North,24.39,5.0,budget,5.0,389,2024-01-07
COMP-127,Schenker,South,21.84,4.7,premium,4.28,131,2024-08-21
COMP-128,Hermes,Nationwide,4.23,2.0,premium,4.44,94,2024-12-27
COMP-129,DPD,Nationwide,6.55,2.7,budget,4.82,268,2024-09-19
COMP-130,Freightos,Nationwide,24.49,6.1,premium,3.53,286,2024-07-24
COMP-131,C.H. Robinson,North,10.71,3.3,premium,3.19,61,2024-04-24
COMP-132,Flexport,Central,20.37,1.8,budget,4.03,231,2024-08-22
COMP-133,Coyote,Central,19.79,6.7,standard,4.05,187,2024-05-14
COMP-134,Transporeon,Central,8.9,1.0,standard,3.23,312,2024-07-23
COMP-135,DB Schenker,North,3.16,4.0,standard,3.04,97,2024-08-16
COMP-136,Schenker,Nationwide,19.13,3.5,budget,4.94,315,2024-01-21
COMP-137,DHL,Nationwide,5.29,5.1,premium,4.15,495,2024-01-17
COMP-138,C.H. Robinson,East,9.15,2.1,standard,3.18,56,2024-01-15
COMP-139,Flexport,South,14.59,3.3,premium,3.44,45,2024-11-22
COMP-140,Schenker,South,,2.4,premium,4.59,376,2024-11-04
COMP-141,Flexport,Central,21.87,7.0,standard,4.86,86,2024-09-18
COMP-142,GLS,South,3.72,6.1,premium,4.37,430,2024-05-09
COMP-143,Kuehne+Nagel,South,5.25,3.4,premium,4.14,51,2024-11-03
COMP-144,Hermes,East,10.32,6.3,premium,4.82,328,2024-04-18
COMP-145,DHL,West,11.09,5.6,budget,2.7,69,2024-04-19
COMP-146,Flexport,South,24.62,3.6,budget,3.92,417,2024-03-05
COMP-147,FedEx,West,6.09,5.9,budget,3.78,65,2024-07-25
COMP-148,FedEx,Central,21.44,1.4,budget,4.66,340,2024-03-15
COMP-149,DPD,East,25.0,1.0,budget,4.86,418,2024-03-17
COMP-150,Hermes,Central,17.69,1.3,premium,4.75,327,2024-12-10
COMP-151,UPS,Central,17.04,1.7,budget,2.59,429,2024-03-25
COMP-152,Flexport,Central,,2.9,budget,4.51,423,2024-10-27
COMP-153,Flexport,Nationwide,13.13,6.9,standard,3.9,209,2024-04-14
COMP-154,Freightos,South,20.6,4.5,standard,2.89,69,2024-01-18
COMP-155,Kuehne+Nagel,Central,22.73,1.8,premium,2.67,295,2024-01-14
COMP-156,DSV,Central,15.73,1.7,standard,4.39,350,2024-04-20
COMP-157,Coyote,Nationwide,2.69,2.8,budget,4.63,10,2024-11-15
COMP-158,Coyote,East,17.63,2.3,standard,4.91,417,2024-01-20
COMP-159,UPS,West,17.42,6.2,premium,4.61,296,2024-02-25
COMP-160,DSV,South,21.98,6.1,premium,3.19,88,2024-01-25
COMP-161,FedEx,Central,14.21,3.8,budget,2.72,162,2024-08-17
COMP-162,FedEx,East,8.83,1.4,premium,4.59,144,2024-04-21
COMP-163,DPD,Central,1.35,4.1,standard,2.57,268,2024-09-14
COMP-164,Kuehne+Nagel,East,14.35,1.9,budget,2.95,106,2024-05-27
COMP-165,Hermes,Central,,4.5,standard,4.52,156,2024-10-27
COMP-166,Coyote,Central,,5.4,standard,3.2,233,2024-03-17
COMP-167,DHL,Nationwide,8.18,1.3,budget,4.29,396,2024-01-13
COMP-168,GLS,West,,3.6,budget,2.59,160,2024-01-27
COMP-169,DHL,South,20.11,1.7,premium,4.76,483,2024-01-26
COMP-170,Schenker,West,24.97,6.5,premium,4.21,386,2024-06-18
COMP-171,DSV,Nationwide,1.84,3.1,premium,3.69,302,2024-03-25
COMP-172,Schenker,West,17.37,4.4,standard,4.2,42,2024-12-16
COMP-173,Flexport,Central,21.06,1.7,standard,2.86,333,2024-09-16
COMP-174,Flexport,West,,1.5,budget,4.71,317,2024-10-11
COMP-175,DB Schenker,North,16.93,3.5,budget,2.82,467,2024-05-02
COMP-176,Flexport,West,5.4,6.9,budget,4.91,139,2024-05-15
COMP-177,DHL,North,3.61,4.9,budget,4.95,165,2024-07-15
COMP-178,C.H. Robinson,East,13.17,5.4,standard,2.84,44,2024-06-01
COMP-179,Schenker,East,13.68,2.0,budget,3.36,335,2024-11-08
COMP-180,Transporeon,East,20.21,1.4,budget,4.07,280,2024-04-25
COMP-181,DPD,South,12.31,6.4,budget,3.31,421,2024-10-23
COMP-182,DPD,Central,14.24,1.7,budget,3.48,211,2024-07-09
COMP-183,FedEx,South,20.77,1.5,premium,2.52,51,2024-05-12
COMP-184,Freightos,West,,4.1,premium,4.46,319,2024-12-05
COMP-185,FedEx,Nationwide,2.21,2.2,premium,4.3,157,2024-10-09
COMP-186,Schenker,South,17.52,6.9,budget,4.05,398,2024-12-07
COMP-187,Coyote,South,20.57,6.9,premium,3.04,215,2024-04-12
COMP-188,Schenker,West,8.07,4.0,budget,4.47,437,2024-12-23
COMP-189,UPS,East,12.11,6.5,premium,3.28,434,2024-04-27
COMP-190,Flexport,West,24.59,3.1,premium,3.42,437,2024-02-11
COMP-191,Flexport,South,14.39,3.2,standard,3.76,276,2024-01-24
COMP-192,Flexport,West,1.13,4.7,premium,4.64,85,2024-02-23
COMP-193,UPS,East,,6.4,budget,4.61,171,2024-05-21
COMP-194,DB Schenker,East,6.49,6.0,standard,3.05,14,2024-07-28
COMP-195,C.H. Robinson,Central,13.63,1.1,budget,4.29,303,2024-01-01
COMP-196,DPD,West,21.8,6.5,standard,4.29,175,2024-07-16
COMP-197,Coyote,Central,18.18,1.4,budget,2.94,330,2024-09-24
COMP-198,Hermes,East,14.69,3.2,premium,3.58,133,2024-01-06
COMP-199,Kuehne+Nagel,South,5.33,3.7,budget,2.66,223,2024-08-11
COMP-200,Coyote,West,7.44,5.2,premium,4.83,193,2024-11-25
COMP-201,FedEx,Central,6.36,6.6,standard,4.39,340,2024-04-05
COMP-202,Hermes,East,5.58,4.6,budget,2.98,48,2024-06-19
COMP-203,Hermes,Central,,2.2,premium,2.71,220,2024-07-08
COMP-204,Kuehne+Nagel,South,4.35,5.7,budget,4.03,499,2024-10-27
COMP-205,C.H. Robinson,Nationwide,16.85,2.0,premium,2.89,420,2024-12-05
COMP-206,FedEx,Central,2.46,5.6,standard,4.96,28,2024-12-19
COMP-207,Flexport,East,18.91,4.9,premium,4.69,430,2024-01-26
COMP-208,Transporeon,West,9.93,3.6,standard,3.3,61,2024-11-28
COMP-209,UPS,Nationwide,14.47,6.2,premium,3.82,248,2024-12-12
COMP-210,Schenker,East,2.7,4.5,budget,2.54,152,2024-05-12
COMP-211,DSV,Nationwide,17.06,3.1,budget,3.74,236,2024-11-19
COMP-212,Flexport,Central,4.65,6.0,budget,2.73,33,2024-11-07
COMP-213,DPD,Central,,4.2,premium,4.01,439,2024-02-13
COMP-214,DHL,East,,6.8,premium,4.16,181,2024-10-22
COMP-215,DSV,South,18.43,1.9,standard,4.71,62,2024-09-16
COMP-216,Transporeon,South,15.66,4.7,premium,3.09,314,2024-06-28
COMP-217,Flexport,Central,14.6,5.3,premium,2.73,49,2024-02-19
COMP-218,Hermes,Nationwide,1.99,1.2,premium,3.5,41,2024-05-19
COMP-219,DPD,Nationwide,16.31,2.7,budget,4.3,399,2024-07-04
COMP-220,Coyote,West,8.66,2.9,standard,3.79,451,2024-12-24
COMP-221,Transporeon,East,4.38,4.7,standard,4.11,426,2024-03-09
COMP-222,C.H. Robinson,South,3.9,6.9,premium,3.54,433,2024-08-07
COMP-223,Kuehne+Nagel,North,2.57,5.4,standard,2.67,242,2024-11-08
COMP-224,FedEx,East,15.9,2.0,budget,3.11,318,2024-09-11
COMP-225,Hermes,Nationwide,9.24,3.2,premium,2.75,467,2024-04-24
COMP-226,DB Schenker,Nationwide,13.8,5.9,premium,4.59,201,2024-06-25
COMP-227,Freightos,West,1.51,4.2,premium,3.85,133,2024-09-18
COMP-228,Hermes,West,3.62,2.0,standard,4.18,224,2024-10-26
COMP-229,Schenker,Nationwide,23.96,2.5,premium,2.95,66,2024-02-11
COMP-230,GLS,East,19.66,6.9,budget,3.3,228,2024-08-16
COMP-231,DSV,Nationwide,,1.9,premium,3.9,415,2024-01-17
COMP-232,DPD,South,2.32,5.5,budget,4.12,189,2024-04-11
COMP-233,Hermes,East,2.01,4.1,premium,4.69,204,2024-06-28
COMP-234,DHL,Nationwide,13.07,5.5,standard,4.05,326,2024-10-08
COMP-235,Kuehne+Nagel,Nationwide,16.19,4.7,premium,3.65,423,2024-04-07
COMP-236,Schenker,Nationwide,17.1,3.6,budget,3.32,228,2024-07-23
COMP-237,DSV,West,10.39,4.0,premium,4.6,393,2024-10-09
COMP-238,C.H. Robinson,East,16.83,3.9,budget,2.54,125,2024-11-21
COMP-239,Flexport,South,19.26,1.7,budget,4.41,489,2024-08-05
COMP-240,Hermes,West,5.39,2.6,budget,3.88,328,2024-08-19
COMP-241,FedEx,Nationwide,10.25,4.8,standard,3.02,205,2024-02-17
COMP-242,UPS,Central,22.39,6.8,premium,3.35,452,2024-07-24
COMP-243,Hermes,Central,11.27,3.7,standard,3.78,366,2024-05-05
COMP-244,Kuehne+Nagel,Central,19.7,4.1,standard,3.01,263,2024-07-22
COMP-245,Schenker,West,5.62,4.1,premium,3.57,290,2024-04-27
COMP-246,Flexport,West,3.71,5.6,standard,2.84,246,2024-07-27
COMP-247,Kuehne+Nagel,Nationwide,11.33,1.1,budget,4.43,205,2024-07-06
COMP-248,Kuehne+Nagel,Nationwide,21.72,1.5,premium,3.42,130,2024-07-21
COMP-249,DSV,Central,19.69,3.1,standard,4.03,163,2024-03-22
COMP-250,Schenker,North,5.03,4.4,premium,3.53,353,2024-07-08
COMP-251,Flexport,North,8.25,4.4,premium,2.76,78,2024-07-15
COMP-252,Hermes,East,,1.9,premium,3.05,378,2024-07-18
COMP-253,DPD,East,12.26,2.2,premium,3.29,184,2024-01-10
COMP-254,C.H. Robinson,South,23.13,5.7,premium,4.42,200,2024-05-01
COMP-255,DB Schenker,South,17.0,6.8,premium,3.55,86,2024-12-11
COMP-256,Kuehne+Nagel,Central,14.53,5.1,budget,4.92,43,2024-05-21
COMP-257,GLS,Nationwide,3.99,2.7,premium,2.85,118,2024-11-16
COMP-258,DHL,East,19.05,1.1,standard,4.87,321,2024-11-22
COMP-259,Hermes,Central,16.83,3.2,premium,2.79,362,2024-10-07
COMP-260,Hermes,East,,3.7,budget,2.59,368,2024-11-23
COMP-261,DSV,West,22.95,3.2,standard,4.58,247,2024-10-18
COMP-262,C.H. Robinson,East,7.56,1.7,premium,3.06,253,2024-07-14
COMP-263,DPD,Central,21.73,2.8,premium,4.79,485,2024-09-02
COMP-264,Coyote,Nationwide,13.61,4.0,premium,3.08,147,2024-02-11
COMP-265,Kuehne+Nagel,West,10.83,5.9,standard,4.26,313,2024-07-23
COMP-266,DSV,West,,1.7,standard,4.76,489,2024-03-15
COMP-267,DPD,Central,7.18,6.2,premium,2.85,130,2024-12-15
COMP-268,UPS,West,13.38,1.8,premium,2.55,70,2024-12-17
COMP-269,C.H. Robinson,West,8.69,3.6,premium,2.76,445,2024-11-19
COMP-270,DPD,Central,2.3,2.8,budget,3.16,63,2024-06-17
COMP-271,DPD,Nationwide,17.82,4.2,standard,3.55,92,2024-12-23
COMP-272,Flexport,East,22.95,1.3,standard,2.69,282,2024-02-21
COMP-273,C.H. Robinson,South,21.9,4.3,budget,4.17,226,2024-06-19
COMP-274,DB Schenker,East,13.79,1.7,premium,2.64,435,2024-02-19
COMP-275,DB Schenker,South,,2.0,standard,3.37,369,2024-12-13
COMP-276,Kuehne+Nagel,Nationwide,3.76,3.1,budget,3.21,242,2024-12-03
COMP-277,DSV,Nationwide,2.51,2.6,standard,2.76,265,2024-11-23
COMP-278,DSV,South,4.96,5.0,standard,3.88,282,2024-04-25
COMP-279,Transporeon,North,18.25,3.6,standard,3.91,157,2024-06-13
COMP-280,Flexport,East,,1.7,standard,4.26,351,2024-02-08
COMP-281,FedEx,East,18.25,5.3,premium,2.94,345,2024-04-22
COMP-282,C.H. Robinson,East,8.47,4.0,budget,4.24,35,2024-06-28
COMP-283,Schenker,South,15.18,1.5,premium,4.17,112,2024-08-08
COMP-284,Transporeon,South,21.92,2.4,premium,3.74,457,2024-12-26
COMP-285,Freightos,Central,17.26,4.7,budget,2.91,498,2024-12-11
COMP-286,Schenker,Central,,3.1,standard,4.98,324,2024-06-11
COMP-287,Coyote,Nationwide,17.36,1.9,standard,4.96,165,2024-12-19
COMP-288,Freightos,North,17.9,2.1,budget,4.65,157,2024-04-24
COMP-289,Hermes,North,16.13,1.9,budget,3.54,330,2024-12-26
COMP-290,GLS,East,18.91,3.6,premium,2.84,63,2024-12-16
COMP-291,DPD,South,10.4,1.2,standard,3.57,316,2024-07-06
COMP-292,Coyote,Nationwide,8.18,2.4,premium,3.94,329,2024-08-20
COMP-293,DPD,Central,9.26,6.9,standard,3.33,431,2024-02-07
COMP-294,Flexport,East,22.79,1.2,premium,4.35,290,2024-07-15
COMP-295,DB Schenker,West,12.6,4.2,premium,4.59,326,2024-04-26
COMP-296,Coyote,Nationwide,5.53,4.8,standard,3.45,284,2024-08-06
COMP-297,DHL,South,,3.8,standard,4.0,414,2024-09-15
COMP-298,DHL,West,21.07,6.5,standard,3.36,228,2024-05-03
COMP-299,DPD,Central,14.33,1.1,premium,4.91,120,2024-06-18
COMP-300,Flexport,South,22.7,6.3,premium,3.94,53,2024-12-07
COMP-301,Hermes,Nationwide,9.33,1.9,premium,4.37,244,2024-02-18
COMP-302,FedEx,North,11.68,3.5,budget,2.86,499,2024-06-20
COMP-303,DSV,East,4.06,2.4,standard,4.78,118,2024-12-03
COMP-304,C.H. Robinson,Central,11.81,2.6,budget,4.17,321,2024-07-12
COMP-305,DHL,East,23.11,4.9,budget,4.21,471,2024-06-07
COMP-306,GLS,Nationwide,7.62,2.2,standard,4.12,445,2024-06-25
COMP-307,Kuehne+Nagel,West,11.62,5.8,premium,4.21,275,2024-01-13
COMP-308,DHL,Nationwide,,6.7,budget,3.04,277,2024-01-09
COMP-309,Freightos,East,23.3,1.4,premium,3.61,141,2024-01-21
COMP-310,Flexport,East,15.77,2.2,budget,3.56,57,2024-04-10
COMP-311,Coyote,West,23.52,1.2,premium,4.4,335,2024-07-16
COMP-312,DB Schenker,North,15.38,5.0,premium,3.67,54,2024-07-25
COMP-313,DSV,East,15.21,2.6,budget,3.69,219,2024-02-02
COMP-314,DB Schenker,Central,6.03,5.6,premium,3.6,199,2024-11-09
COMP-315,DPD,South,23.26,1.7,standard,3.59,124,2024-05-18
COMP-316,Hermes,North,4.74,5.8,premium,4.56,382,2024-11-17
COMP-317,FedEx,South,13.58,2.1,budget,3.27,164,2024-05-26
COMP-318,DHL,North,5.55,1.2,premium,4.88,117,2024-03-01
COMP-319,DPD,Nationwide,23.07,3.8,budget,4.67,87,2024-03-10
COMP-320,GLS,North,,3.8,standard,3.91,182,2024-10-27
COMP-321,Transporeon,East,19.28,6.2,budget,3.38,272,2024-04-10
COMP-322,Flexport,North,2.37,4.7,standard,3.63,357,2024-02-19
COMP-323,GLS,East,19.32,4.3,standard,2.54,424,2024-07-10
COMP-324,FedEx,East,12.2,5.8,standard,3.69,330,2024-11-06
COMP-325,Transporeon,South,14.62,3.5,budget,4.71,49,2024-10-12
COMP-326,Coyote,South,20.46,5.3,premium,3.55,24,2024-01-05
COMP-327,DSV,South,12.42,6.6,premium,3.39,42,2024-12-07
COMP-328,DSV,West,6.12,6.3,standard,3.77,213,2024-05-25
COMP-329,Hermes,Nationwide,7.87,2.0,premium,4.0,339,2024-10-26
COMP-330,Coyote,Central,23.81,5.4,premium,3.59,260,2024-03-04
COMP-331,Hermes,East,20.09,2.5,standard,4.27,174,2024-04-24
COMP-332,GLS,Nationwide,20.0,6.8,standard,4.38,305,2024-07-08
COMP-333,DSV,Central,,5.8,standard,3.24,422,2024-12-21
COMP-334,C.H. Robinson,Nationwide,10.57,4.8,budget,4.31,179,2024-06-20
COMP-335,Transporeon,Nationwide,13.91,6.1,budget,3.11,109,2024-08-07
COMP-336,DPD,West,9.71,2.2,standard,3.0,195,2024-08-15
COMP-337,UPS,South,11.67,6.1,standard,3.85,248,2024-11-03
COMP-338,Coyote,North,7.58,4.8,standard,4.09,295,2024-09-21
COMP-339,Flexport,North,,4.8,premium,3.62,94,2024-07-26
COMP-340,Transporeon,South,23.21,1.3,budget,3.95,60,2024-07-22
COMP-341,Freightos,East,15.65,4.1,standard,2.62,37,2024-12-18
COMP-342,Kuehne+Nagel,Nationwide,6.65,2.0,standard,3.27,395,2024-11-07
COMP-343,GLS,East,19.37,4.3,premium,4.78,425,2024-07-14
COMP-344,Coyote,East,24.65,3.3,premium,3.93,380,2024-12-19
COMP-345,DSV,Central,,2.0,standard,3.6,301,2024-01-28
COMP-346,Transporeon,East,3.26,3.0,standard,4.94,370,2024-11-25
COMP-347,DHL,North,7.78,1.0,premium,3.6,63,2024-07-11
COMP-348,Hermes,West,3.07,1.6,budget,2.98,72,2024-03-28
COMP-349,DPD,North,2.12,3.2,budget,4.33,148,2024-05-07
COMP-350,DHL,Nationwide,3.37,6.7,budget,4.07,293,2024-03-07
COMP-351,Hermes,Nationwide,19.93,5.1,premium,2.8,29,2024-11-25
COMP-352,DPD,North,12.79,3.0,budget,3.83,477,2024-08-28
COMP-353,Hermes,South,22.59,2.4,standard,3.85,221,2024-09-21
COMP-354,Flexport,West,,3.1,premium,4.43,400,2024-03-21
COMP-355,Hermes,West,24.8,4.9,budget,2.75,126,2024-02-09
COMP-356,DPD,Central,22.65,6.5,premium,2.54,493,2024-02-20
COMP-357,UPS,North,,5.1,premium,3.46,89,2024-12-24
COMP-358,DSV,Central,23.34,2.4,premium,3.11,475,2024-11-03
COMP-359,Kuehne+Nagel,West,8.73,2.0,standard,3.15,169,2024-05-07
COMP-360,FedEx,West,16.28,7.0,standard,4.22,499,2024-02-22
COMP-361,Kuehne+Nagel,East,15.23,5.5,premium,3.09,371,2024-01-21
COMP-362,DB Schenker,Central,23.76,4.2,budget,4.25,267,2024-08-04
COMP-363,Coyote,Nationwide,5.21,3.8,premium,2.62,20,2024-03-05
COMP-364,DB Schenker,Nationwide,16.56,5.6,budget,4.88,179,2024-12-18
COMP-365,DHL,Nationwide,8.28,3.8,standard,2.63,253,2024-11-05
COMP-366,Flexport,East,23.72,5.5,premium,3.22,311,2024-02-26
COMP-367,DHL,Central,21.76,1.1,premium,2.59,112,2024-02-01
COMP-368,DPD,Nationwide,13.38,6.1,standard,4.02,122,2024-03-16
COMP-369,Kuehne+Nagel,South,23.62,3.3,standard,4.5,425,2024-11-21
COMP-370,Flexport,Central,20.03,2.6,standard,3.91,136,2024-06-23
COMP-371,DHL,Nationwide,17.58,2.2,budget,4.31,125,2024-12-11
COMP-372,FedEx,Nationwide,19.69,3.1,standard,3.19,457,2024-07-04
COMP-373,FedEx,North,6.63,5.2,standard,3.32,105,2024-02-02
COMP-374,DPD,North,9.52,5.3,standard,4.23,286,2024-03-25
COMP-375,FedEx,Central,19.96,6.6,standard,3.71,406,2024-03-13
COMP-376,DSV,West,8.87,4.5,premium,3.05,76,2024-11-06
COMP-377,Freightos,South,2.9,4.7,standard,4.22,313,2024-09-07
COMP-378,UPS,Nationwide,12.91,6.5,premium,3.17,158,2024-11-10
COMP-379,DSV,North,21.54,3.4,budget,3.75,389,2024-08-11
COMP-380,DB Schenker,East,10.15,6.9,budget,4.85,372,2024-02-17
COMP-381,DPD,West,11.24,5.0,premium,4.09,226,2024-05-11
COMP-382,Freightos,South,24.48,2.5,standard,3.83,162,2024-04-13
COMP-383,Kuehne+Nagel,East,8.36,3.7,standard,2.92,439,2024-12-28
COMP-384,Transporeon,Nationwide,19.99,4.2,standard,3.13,385,2024-06-08
COMP-385,C.H. Robinson,North,3.68,1.2,budget,4.07,328,2024-03-21
COMP-386,DPD,North,18.57,1.5,budget,4.25,330,2024-02-26
COMP-387,Flexport,West,17.92,3.5,premium,4.47,206,2024-12-13
COMP-388,Flexport,West,14.55,4.2,budget,3.84,472,2024-03-17
COMP-389,DSV,South,3.39,1.5,premium,4.1,184,2024-10-14
COMP-390,UPS,East,2.41,2.3,budget,3.55,474,2024-12-13
COMP-391,Transporeon,Nationwide,15.56,6.4,premium,3.97,76,2024-02-14
COMP-392,Hermes,West,13.89,4.4,premium,3.55,80,2024-08-08
COMP-393,Flexport,North,18.03,3.3,budget,2.6,79,2024-12-06
COMP-394,Coyote,Nationwide,10.5,2.3,budget,3.83,183,2024-11-03
COMP-395,DHL,East,,6.1,standard,2.98,311,2024-08-14
COMP-396,DSV,West,8.39,6.6,premium,3.22,196,2024-10-23
COMP-397,DSV,Nationwide,22.52,6.7,premium,2.99,335,2024-02-22
COMP-398,C.H. Robinson,Nationwide,6.53,2.9,standard,3.66,375,2024-05-14
COMP-399,Schenker,East,18.03,4.0,budget,2.79,125,2024-10-09
COMP-400,FedEx,Central,7.14,5.6,premium,2.89,248,2024-01-11
COMP-401,C.H. Robinson,South,21.87,5.4,premium,4.2,254,2024-05-27
COMP-402,Freightos,North,13.16,2.3,budget,3.33,275,2024-01-26
COMP-403,Transporeon,South,,2.5,standard,2.9,430,2024-09-18
COMP-404,DSV,Central,3.1,5.7,premium,3.74,240,2024-11-06
COMP-405,Transporeon,West,13.32,6.5,budget,3.94,192,2024-05-12
COMP-406,Kuehne+Nagel,Nationwide,17.87,1.3,premium,3.35,253,2024-01-24
COMP-407,Freightos,Central,3.18,7.0,standard,2.91,77,2024-08-11
COMP-408,Flexport,West,24.32,3.6,standard,3.8,238,2024-08-06
COMP-409,Coyote,West,5.21,1.8,budget,4.92,387,2024-01-18
COMP-410,Transporeon,West,22.3,3.4,premium,2.53,42,2024-03-05
COMP-411,UPS,East,1.68,1.4,premium,3.0,431,2024-04-17
COMP-412,Transporeon,South,3.93,6.8,budget,3.22,479,2024-06-06
COMP-413,DHL,North,21.44,6.8,budget,4.85,291,2024-11-27
COMP-414,DB Schenker,North,10.18,1.1,budget,3.41,456,2024-02-25
COMP-415,Coyote,Nationwide,12.11,2.0,premium,4.32,396,2024-04-12
COMP-416,Freightos,East,1.85,3.3,standard,3.26,379,2024-08-19
COMP-417,C.H. Robinson,East,18.86,1.2,standard,3.57,221,2024-09-27
COMP-418,FedEx,South,22.53,5.6,budget,4.77,335,2024-06-22
COMP-419,DPD,East,4.38,5.7,budget,3.06,98,2024-11-08
COMP-420,DPD,Nationwide,20.29,3.5,standard,4.38,421,2024-05-26
COMP-421,Flexport,Nationwide,19.93,3.0,premium,3.83,372,2024-01-18
COMP-422,C.H. Robinson,South,7.41,4.5,premium,4.29,78,2024-10-15
COMP-423,DHL,East,20.77,2.3,premium,3.84,259,2024-03-04
COMP-424,Coyote,East,23.9,3.7,budget,3.07,38,2024-11-20
COMP-425,GLS,West,5.21,6.9,budget,4.72,472,2024-03-14
COMP-426,Coyote,Central,,2.4,premium,3.58,133,2024-04-04
COMP-427,DB Schenker,North,,2.7,standard,3.11,369,2024-10-17
COMP-428,Flexport,North,21.61,1.3,standard,3.01,483,2024-07-24
COMP-429,Schenker,South,3.28,1.2,premium,4.29,190,2024-12-21
COMP-430,Hermes,East,9.08,6.4,budget,2.97,393,2024-09-12
COMP-431,Flexport,Nationwide,9.4,3.0,standard,2.61,27,2024-12-21
COMP-432,Kuehne+Nagel,Central,9.9,4.2,budget,3.41,347,2024-12-11
COMP-433,GLS,North,22.18,2.1,standard,3.46,497,2024-12-06
COMP-434,Coyote,Nationwide,18.13,3.5,premium,3.17,206,2024-01-22
COMP-435,C.H. Robinson,Nationwide,,5.8,premium,2.7,105,2024-03-03
COMP-436,DSV,North,12.57,5.9,standard,3.13,418,2024-09-15
COMP-437,GLS,West,13.54,6.8,premium,3.17,21,2024-10-17
COMP-438,Schenker,West,19.7,3.0,standard,3.99,257,2024-06-21
COMP-439,UPS,West,15.09,6.5,premium,3.21,22,2024-06-21
COMP-440,Hermes,Nationwide,17.11,2.3,budget,2.96,446,2024-04-05
COMP-441,Kuehne+Nagel,Central,7.98,3.9,premium,2.56,49,2024-04-02
COMP-442,DHL,West,3.18,5.8,budget,2.62,369,2024-06-22
COMP-443,Freightos,North,17.82,5.4,budget,2.97,450,2024-04-03
COMP-444,DPD,North,6.24,4.0,standard,4.34,106,2024-10-24
COMP-445,Hermes,South,24.12,5.5,budget,3.21,228,2024-05-17
COMP-446,FedEx,East,,5.6,standard,2.71,91,2024-10-20
COMP-447,DB Schenker,East,16.14,2.6,standard,4.63,296,2024-04-22
COMP-448,DHL,East,2.56,5.2,premium,4.39,177,2024-11-07
COMP-449,DSV,Central,9.01,1.9,standard,4.97,340,2024-10-04
COMP-450,DPD,North,8.14,4.0,standard,3.72,169,2024-06-13
COMP-451,Transporeon,South,2.12,2.8,budget,4.56,444,2024-03-02
COMP-452,C.H. Robinson,North,1.15,6.7,budget,2.55,139,2024-08-03
COMP-453,DSV,East,3.07,1.7,budget,4.92,117,2024-04-20
COMP-454,DB Schenker,Nationwide,7.0,6.5,premium,4.81,92,2024-06-21
COMP-455,Transporeon,North,9.66,3.9,premium,4.63,192,2024-01-01
COMP-456,DHL,North,3.9,2.6,budget,3.34,391,2024-09-28
COMP-457,FedEx,South,,6.6,budget,3.8,322,2024-07-03
COMP-458,Coyote,West,18.2,2.4,budget,2.73,155,2024-05-26
COMP-459,DB Schenker,East,14.4,5.8,standard,4.01,193,2024-02-11
COMP-460,Schenker,South,20.31,4.1,premium,3.62,478,2024-05-03
COMP-461,DHL,East,,3.9,premium,2.92,459,2024-07-06
COMP-462,UPS,Central,11.18,5.7,standard,3.54,195,2024-11-04
COMP-463,UPS,Central,19.14,1.9,budget,2.72,367,2024-01-05
COMP-464,Coyote,Nationwide,2.67,5.1,premium,2.89,75,2024-12-04
COMP-465,C.H. Robinson,East,19.48,4.7,budget,3.3,233,2024-10-16
COMP-466,DSV,Central,1.04,2.6,premium,3.46,207,2024-03-12
COMP-467,FedEx,South,4.01,2.9,standard,2.71,250,2024-05-14
COMP-468,Freightos,Central,24.71,5.8,standard,3.64,159,2024-02-21
COMP-469,Schenker,Central,10.35,6.9,budget,2.89,321,2024-08-27
COMP-470,Schenker,Nationwide,7.84,1.0,premium,2.78,109,2024-03-28
COMP-471,DPD,Nationwide,17.43,1.1,premium,4.4,37,2024-11-11
COMP-472,Hermes,South,10.0,1.8,premium,2.55,330,2024-02-14
COMP-473,DB Schenker,South,14.06,5.6,budget,4.97,489,2024-02-27
COMP-474,Hermes,North,11.93,4.4,premium,3.61,29,2024-12-08
COMP-475,DHL,Central,5.0,5.5,standard,3.13,279,2024-10-08
COMP-476,Flexport,Nationwide,,1.3,standard,3.11,214,2024-07-02
COMP-477,Flexport,South,22.4,4.9,budget,3.78,275,2024-07-12
COMP-478,UPS,South,23.38,6.1,premium,3.04,128,2024-11-15
COMP-479,Kuehne+Nagel,West,11.29,4.7,standard,4.19,79,2024-02-01
COMP-480,DPD,North,14.05,3.1,standard,4.56,132,2024-11-06
COMP-481,DB Schenker,South,20.92,4.5,budget,3.58,39,2024-07-17
COMP-482,Flexport,Nationwide,20.46,6.9,standard,2.73,181,2024-08-27
COMP-483,GLS,North,,3.0,standard,3.29,86,2024-12-04
COMP-484,Hermes,West,8.07,6.6,premium,3.92,338,2024-02-26
COMP-485,DSV,South,21.46,3.0,budget,3.23,499,2024-11-25
COMP-486,UPS,West,11.39,2.0,premium,3.04,154,2024-10-19
COMP-487,Freightos,West,23.23,1.3,standard,4.78,228,2024-11-12
COMP-488,Flexport,North,1.58,6.6,standard,4.26,288,2024-08-16
COMP-489,DSV,West,17.12,2.7,standard,4.17,390,2024-02-21
COMP-490,Hermes,East,7.91,1.0,budget,4.5,306,2024-10-21
COMP-491,Schenker,Nationwide,12.8,4.5,premium,4.82,10,2024-02-10
COMP-492,Flexport,East,7.71,2.3,premium,3.87,226,2024-08-03
COMP-493,Freightos,South,,3.4,budget,4.94,277,2024-02-06
COMP-494,DHL,Nationwide,16.61,6.5,standard,3.81,160,2024-11-04
COMP-495,DPD,South,13.19,2.8,premium,3.12,149,2024-03-07
COMP-496,DSV,West,13.24,6.0,premium,3.17,88,2024-04-15
COMP-497,FedEx,West,16.53,4.1,budget,3.82,494,2024-07-27
COMP-498,Coyote,West,11.22,3.5,premium,4.81,224,2024-11-20
COMP-499,Kuehne+Nagel,North,7.99,1.3,premium,3.07,239,2024-06-19
COMP-500,DHL,South,7.22,1.4,premium,4.44,352,2024-05-27
COMP-501,Hermes,Nationwide,11.94,2.9,budget,3.55,141,2024-12-07
COMP-502,C.H. Robinson,East,,1.9,standard,3.41,201,2024-05-24
COMP-503,GLS,West,6.4,2.6,budget,4.85,253,2024-11-08
COMP-504,C.H. Robinson,West,13.97,2.9,standard,4.01,405,2024-06-21
COMP-505,Kuehne+Nagel,Central,22.25,1.5,budget,4.09,298,2024-11-12
COMP-506,Hermes,North,21.63,3.5,premium,3.62,95,2024-05-06
COMP-507,DHL,South,13.43,5.0,premium,4.32,254,2024-08-09
COMP-508,DSV,South,16.11,3.0,budget,2.78,144,2024-01-25
COMP-509,C.H. Robinson,East,6.07,3.6,standard,2.52,494,2024-09-19
COMP-510,Coyote,West,6.32,2.6,budget,3.57,339,2024-03-28
COMP-511,Hermes,West,8.54,1.2,budget,4.95,159,2024-08-21
COMP-512,Flexport,Central,12.95,2.9,standard,4.3,190,2024-01-26
COMP-513,UPS,Nationwide,2.37,2.6,budget,4.22,313,2024-12-10
COMP-514,DB Schenker,Nationwide,21.48,1.2,premium,4.44,279,2024-10-27
COMP-515,Schenker,Central,,5.8,premium,2.89,251,2024-02-15
COMP-516,Schenker,Nationwide,7.05,1.5,standard,3.69,294,2024-09-27
COMP-517,DPD,West,,2.2,premium,4.56,220,2024-12-23
COMP-518,DSV,West,24.2,6.9,standard,3.25,250,2024-11-26
COMP-519,FedEx,North,22.5,7.0,budget,2.65,215,2024-12-19
COMP-520,C.H. Robinson,West,,6.4,standard,4.44,140,2024-01-21
COMP-521,DSV,South,16.86,6.9,standard,4.37,395,2024-07-02
COMP-522,DHL,South,5.22,4.1,premium,4.13,337,2024-12-10
COMP-523,DB Schenker,West,8.24,4.5,standard,4.06,379,2024-08-05
COMP-524,DB Schenker,Central,4.79,6.8,budget,4.24,377,2024-11-28
COMP-525,DB Schenker,Nationwide,,3.1,standard,4.79,82,2024-07-07
COMP-526,Kuehne+Nagel,Central,12.71,2.0,standard,3.45,28,2024-01-11
COMP-527,Kuehne+Nagel,East,6.55,5.0,premium,4.81,171,2024-02-03
COMP-528,DHL,East,,5.4,budget,3.68,238,2024-09-15
COMP-529,DB Schenker,North,2.43,4.5,standard,3.62,143,2024-01-13
COMP-530,Kuehne+Nagel,East,8.19,2.8,standard,4.65,142,2024-10-05
COMP-531,Schenker,West,14.06,2.8,budget,3.09,135,2024-05-27
COMP-532,Kuehne+Nagel,Nationwide,22.7,1.5,standard,3.39,90,2024-08-27
COMP-533,Transporeon,East,10.36,6.3,standard,4.4,38,2024-09-23
COMP-534,GLS,East,14.51,5.6,standard,3.26,57,2024-03-17
COMP-535,FedEx,West,2.47,5.7,standard,4.65,420,2024-02-08
COMP-536,GLS,Central,10.39,6.0,premium,3.01,56,2024-06-03
COMP-537,C.H. Robinson,West,22.99,5.8,budget,3.04,72,2024-01-08
COMP-538,C.H. Robinson,East,9.17,1.2,standard,3.39,84,2024-08-24
COMP-539,GLS,East,18.03,3.5,budget,4.18,72,2024-03-17
COMP-540,DPD,Central,,4.7,standard,3.4,247,2024-12-03
COMP-541,C.H. Robinson,West,24.04,5.7,premium,2.61,189,2024-05-19
COMP-542,DHL,South,11.34,4.8,premium,2.6,145,2024-01-21
COMP-543,Hermes,Central,,6.1,standard,4.94,397,2024-01-28
COMP-544,Freightos,East,2.32,1.2,premium,4.15,352,2024-04-19
COMP-545,FedEx,West,1.43,6.3,standard,4.03,435,2024-05-17
COMP-546,Freightos,North,4.57,6.0,budget,4.3,304,2024-12-12
COMP-547,DSV,South,6.4,1.3,standard,4.65,199,2024-02-06
COMP-548,DHL,East,1.33,4.5,premium,4.36,269,2024-06-26
COMP-549,FedEx,West,11.46,6.3,budget,3.84,212,2024-08-07
COMP-550,DHL,Central,3.6,6.5,budget,4.07,30,2024-11-20
COMP-551,Kuehne+Nagel,South,22.4,5.2,premium,3.09,441,2024-03-24
COMP-552,GLS,Nationwide,24.2,3.9,standard,2.65,413,2024-12-27
COMP-553,FedEx,Central,6.02,4.2,budget,2.6,413,2024-09-17
COMP-554,Hermes,North,17.5,6.8,standard,3.06,482,2024-10-02
COMP-555,DPD,East,5.46,3.5,budget,4.73,482,2024-06-16
COMP-556,Coyote,West,20.52,1.5,budget,2.65,472,2024-02-14
COMP-557,DSV,West,10.24,3.5,budget,3.02,82,2024-08-12
COMP-558,FedEx,South,14.96,5.2,budget,3.6,389,2024-09-24
COMP-559,GLS,South,4.06,4.9,premium,2.52,232,2024-09-03
COMP-560,Schenker,South,10.53,6.7,standard,4.84,108,2024-04-17
COMP-561,C.H. Robinson,South,22.65,6.6,budget,4.67,416,2024-02-09
COMP-562,DPD,North,10.46,4.7,premium,2.9,362,2024-01-13
COMP-563,Hermes,West,13.71,6.7,standard,2.52,477,2024-05-03
COMP-564,Coyote,Nationwide,18.39,5.1,standard,3.34,352,2024-02-07
COMP-565,Flexport,Central,12.21,5.6,standard,2.67,470,2024-08-06
COMP-566,DPD,East,3.83,4.7,premium,3.85,45,2024-02-25
COMP-567,C.H. Robinson,East,4.06,3.1,standard,3.25,205,2024-08-28
COMP-568,Transporeon,East,14.48,6.6,budget,2.71,339,2024-12-15
COMP-569,Coyote,Central,,6.6,budget,4.36,495,2024-02-16
COMP-570,Flexport,North,13.2,3.1,premium,2.84,239,2024-12-20
COMP-571,Transporeon,East,14.95,4.3,standard,4.83,341,2024-01-22
COMP-572,C.H. Robinson,Nationwide,8.37,6.2,standard,3.86,158,2024-08-17
COMP-573,Kuehne+Nagel,Central,18.95,2.5,standard,3.65,471,2024-11-28
COMP-574,DB Schenker,East,14.66,3.1,budget,4.33,121,2024-08-24
COMP-575,Kuehne+Nagel,Nationwide,18.3,4.3,standard,4.13,198,2024-01-27
COMP-576,Hermes,North,20.07,3.2,premium,4.36,282,2024-05-26
COMP-577,UPS,East,8.76,4.2,premium,3.02,338,2024-12-11
COMP-578,Flexport,East,9.95,4.1,budget,2.54,35,2024-07-18
COMP-579,FedEx,Nationwide,19.14,4.2,premium,4.86,221,2024-04-11
COMP-580,DHL,North,,5.2,standard,3.2,230,2024-08-24
COMP-581,Hermes,East,14.63,6.0,budget,4.22,81,2024-01-22
COMP-582,FedEx,South,3.96,2.6,premium,2.51,313,2024-04-02
COMP-583,UPS,North,24.76,4.1,standard,3.11,287,2024-02-26
COMP-584,C.H. Robinson,West,10.93,2.0,premium,3.91,254,2024-08-21
COMP-585,GLS,East,22.15,4.5,premium,3.64,299,2024-03-02
COMP-586,DB Schenker,North,15.78,5.8,premium,4.94,103,2024-06-06
COMP-587,C.H. Robinson,South,2.32,5.2,budget,4.74,40,2024-03-12
COMP-588,Flexport,Nationwide,12.06,6.2,budget,3.43,496,2024-08-17
COMP-589,Hermes,North,18.71,4.4,standard,4.87,117,2024-06-16
COMP-590,Flexport,South,,6.8,standard,4.7,231,2024-01-24
COMP-591,Coyote,Central,16.74,2.3,standard,2.82,236,2024-05-22
COMP-592,UPS,Central,3.61,6.1,standard,4.42,324,2024-04-14
COMP-593,UPS,West,15.4,4.5,budget,3.96,98,2024-10-07
COMP-594,DB Schenker,South,10.05,6.4,standard,3.45,194,2024-12-22
COMP-595,Schenker,Nationwide,16.4,4.4,premium,4.78,167,2024-04-26
COMP-596,DPD,East,24.94,1.3,premium,3.41,264,2024-07-16
COMP-597,DPD,Central,8.35,4.4,budget,3.43,433,2024-07-28
COMP-598,Freightos,Nationwide,17.63,5.7,budget,2.71,70,2024-10-25
COMP-599,DHL,East,10.86,1.1,standard,3.02,467,2024-09-21
COMP-600,UPS,West,7.01,5.1,standard,3.95,265,2024-07-04
COMP-601,UPS,South,17.58,3.8,premium,4.07,85,2024-12-21
COMP-602,Schenker,Central,23.3,3.8,budget,2.54,28,2024-01-26
COMP-603,Coyote,Central,3.05,5.6,standard,3.43,291,2024-09-16
COMP-604,Transporeon,West,16.88,4.7,premium,4.53,441,2024-12-06
COMP-605,Kuehne+Nagel,East,2.36,3.3,premium,2.7,215,2024-12-20
COMP-606,Hermes,North,14.92,2.3,budget,4.74,431,2024-05-10
COMP-607,DHL,Central,9.72,5.2,budget,3.55,334,2024-03-11
COMP-608,FedEx,South,,1.0,standard,4.12,15,2024-11-12
COMP-609,DSV,North,9.99,1.7,standard,3.97,362,2024-06-03
COMP-610,Transporeon,Nationwide,5.28,5.4,premium,4.5,230,2024-11-17
COMP-611,Coyote,Central,4.72,5.3,standard,2.76,347,2024-01-21
COMP-612,DSV,Nationwide,10.75,4.2,premium,3.16,13,2024-05-12
COMP-613,C.H. Robinson,East,8.12,5.9,budget,3.98,213,2024-06-18
COMP-614,DB Schenker,North,5.99,3.0,budget,4.78,204,2024-04-06
COMP-615,GLS,Nationwide,11.18,4.4,standard,2.71,306,2024-08-01
COMP-616,Kuehne+Nagel,West,9.46,6.5,budget,2.78,352,2024-02-23
COMP-617,GLS,East,12.11,2.6,budget,4.88,360,2024-03-23
COMP-618,GLS,Central,1.97,1.8,standard,4.0,158,2024-11-12
COMP-619,Flexport,West,,1.9,premium,4.14,409,2024-10-22
COMP-620,Transporeon,East,2.66,3.7,standard,3.23,118,2024-07-08
COMP-621,DB Schenker,Nationwide,24.7,5.5,budget,3.74,119,2024-09-20
COMP-622,GLS,East,6.72,6.8,premium,3.3,392,2024-08-12
COMP-623,Freightos,South,23.35,4.2,budget,3.92,275,2024-06-16
COMP-624,Kuehne+Nagel,Nationwide,10.31,4.1,premium,4.86,225,2024-07-02
COMP-625,Hermes,Central,3.84,5.7,premium,3.26,323,2024-03-25
COMP-626,GLS,South,22.92,6.9,budget,3.92,317,2024-09-14
COMP-627,FedEx,North,3.05,2.1,premium,4.25,408,2024-11-22
COMP-628,DB Schenker,Nationwide,13.14,3.1,premium,3.67,125,2024-01-10
COMP-629,Hermes,South,8.26,3.8,premium,2.59,316,2024-02-25
COMP-630,C.H. Robinson,Nationwide,20.28,6.4,budget,4.57,498,2024-07-22
COMP-631,Freightos,South,9.15,6.5,standard,2.88,97,2024-05-19
COMP-632,DSV,Nationwide,22.92,3.0,budget,2.79,393,2024-02-07
COMP-633,Freightos,North,1.26,4.0,standard,2.92,234,2024-09-25
COMP-634,Kuehne+Nagel,Central,3.49,5.3,premium,3.52,398,2024-03-04
COMP-635,C.H. Robinson,Nationwide,10.78,3.8,premium,3.62,23,2024-12-23
COMP-636,FedEx,Nationwide,9.53,2.9,budget,3.9,420,2024-05-17
COMP-637,FedEx,Central,6.1,4.0,standard,2.83,370,2024-10-07
COMP-638,Kuehne+Nagel,Central,20.21,7.0,standard,3.64,395,2024-09-28
COMP-639,Kuehne+Nagel,Nationwide,7.01,3.2,premium,4.66,287,2024-11-27
COMP-640,C.H. Robinson,South,24.37,2.8,standard,3.64,227,2024-05-08
COMP-641,C.H. Robinson,South,10.87,6.6,standard,2.94,294,2024-10-02
COMP-642,DHL,Nationwide,13.32,6.9,standard,2.87,464,2024-12-23
COMP-643,Freightos,North,4.3,5.4,premium,3.88,150,2024-04-27
COMP-644,DSV,Nationwide,20.44,3.2,premium,4.96,69,2024-03-12
COMP-645,Kuehne+Nagel,North,11.57,6.9,premium,2.64,436,2024-11-27
COMP-646,DSV,Central,11.46,1.9,budget,4.64,104,2024-06-01
COMP-647,FedEx,West,3.52,6.1,premium,3.9,363,2024-03-17
COMP-648,C.H. Robinson,South,21.9,5.3,budget,4.42,14,2024-08-07
COMP-649,FedEx,North,7.02,1.2,premium,4.88,406,2024-10-02
COMP-650,FedEx,South,12.72,6.7,standard,4.57,233,2024-09-26
COMP-651,Coyote,East,3.82,2.6,standard,3.63,216,2024-04-02
COMP-652,C.H. Robinson,South,,2.3,budget,4.81,200,2024-03-14
COMP-653,GLS,North,21.22,3.9,premium,4.98,434,2024-01-22
COMP-654,Flexport,South,10.25,2.6,premium,4.98,31,2024-08-17
COMP-655,FedEx,Central,,4.1,standard,2.83,11,2024-02-13
COMP-656,Kuehne+Nagel,North,10.65,6.4,premium,4.79,348,2024-12-12
COMP-657,FedEx,South,7.05,6.3,premium,4.79,460,2024-07-26
COMP-658,UPS,North,11.4,3.9,budget,4.47,415,2024-11-02
COMP-659,DHL,Nationwide,7.33,1.3,premium,3.12,242,2024-02-28
COMP-660,Flexport,Central,22.23,6.4,standard,3.45,278,2024-04-23
COMP-661,Transporeon,Nationwide,5.07,5.7,premium,4.45,89,2024-07-11
COMP-662,Coyote,Nationwide,16.4,1.8,standard,2.93,64,2024-07-14
COMP-663,Flexport,Central,3.86,1.3,premium,2.66,195,2024-03-10
COMP-664,Transporeon,South,24.17,4.7,premium,3.42,381,2024-12-02
COMP-665,Hermes,Central,20.51,6.5,budget,4.11,243,2024-05-09
COMP-666,GLS,South,15.66,4.4,standard,3.5,415,2024-10-04
COMP-667,Freightos,Nationwide,8.05,6.3,standard,3.39,260,2024-04-28
COMP-668,DHL,West,10.62,2.6,standard,4.91,155,2024-05-26
COMP-669,Kuehne+Nagel,East,16.96,1.6,premium,2.63,396,2024-03-23
COMP-670,C.H. Robinson,Nationwide,8.32,5.7,budget,2.68,146,2024-09-24
COMP-671,C.H. Robinson,South,,3.6,premium,4.26,297,2024-06-18
COMP-672,DPD,Central,4.93,4.2,premium,3.54,345,2024-09-23
COMP-673,FedEx,East,21.29,5.6,standard,2.85,187,2024-04-19
COMP-674,DPD,Central,9.71,5.1,premium,3.32,119,2024-11-23
COMP-675,DHL,North,10.81,3.3,budget,4.04,334,2024-11-02
COMP-676,C.H. Robinson,South,21.65,5.2,standard,3.59,474,2024-10-19
COMP-677,DHL,Central,13.39,1.1,premium,3.18,246,2024-09-28
COMP-678,Coyote,Central,3.52,2.5,standard,4.97,429,2024-09-28
COMP-679,DHL,South,19.76,5.3,premium,4.52,491,2024-02-22
COMP-680,Kuehne+Nagel,West,15.83,3.8,standard,3.45,205,2024-11-15
COMP-681,DPD,North,23.71,5.9,premium,3.55,77,2024-05-23
COMP-682,C.H. Robinson,Central,6.51,5.6,premium,4.84,410,2024-03-07
COMP-683,FedEx,South,4.04,5.1,budget,2.84,343,2024-03-21
COMP-684,UPS,West,19.01,6.4,budget,3.68,61,2024-03-05
COMP-685,Flexport,East,7.03,4.9,premium,4.24,299,2024-04-08
COMP-686,FedEx,West,10.43,2.7,premium,3.06,464,2024-07-14
COMP-687,Transporeon,South,21.29,3.3,standard,4.79,249,2024-11-28
COMP-688,C.H. Robinson,Nationwide,24.56,3.6,budget,4.27,299,2024-02-13
COMP-689,DHL,South,8.95,6.9,budget,4.09,363,2024-02-11
COMP-690,DB Schenker,North,18.0,1.8,premium,4.59,331,2024-01-27
COMP-691,Flexport,East,12.57,4.2,standard,4.24,229,2024-11-25
COMP-692,Coyote,Central,20.64,5.3,standard,4.87,494,2024-11-13
COMP-693,Freightos,West,24.02,2.2,standard,3.77,344,2024-06-26
COMP-694,DPD,West,20.26,2.3,standard,4.93,37,2024-12-23
COMP-695,Freightos,Central,,5.5,premium,2.77,135,2024-12-18
COMP-696,DSV,Central,14.02,5.8,budget,2.84,229,2024-02-11
COMP-697,Transporeon,Central,4.18,4.5,standard,4.16,474,2024-02-21
COMP-698,Kuehne+Nagel,Nationwide,21.45,1.4,premium,4.57,475,2024-01-08
COMP-699,UPS,Central,,2.8,budget,4.53,347,2024-08-24
COMP-700,Coyote,West,6.48,4.8,budget,4.76,26,2024-04-24
COMP-701,Flexport,East,12.6,4.3,standard,3.69,156,2024-05-15
COMP-702,DB Schenker,Central,14.75,6.1,premium,4.72,39,2024-10-13
COMP-703,DB Schenker,South,,4.0,premium,4.93,339,2024-03-09
COMP-704,UPS,Central,8.56,5.1,standard,2.9,363,2024-10-03
COMP-705,Freightos,West,2.16,5.3,premium,4.69,418,2024-11-14
COMP-706,DSV,East,24.47,3.8,standard,3.14,456,2024-11-21
COMP-707,Schenker,North,9.55,5.2,premium,3.76,207,2024-12-21
COMP-708,Kuehne+Nagel,South,19.21,1.5,budget,2.8,46,2024-02-09
COMP-709,DPD,East,16.91,3.5,premium,3.94,281,2024-05-12
COMP-710,GLS,West,2.3,3.9,standard,3.87,104,2024-08-23
COMP-711,DB Schenker,Nationwide,24.3,6.4,standard,4.66,389,2024-05-18
COMP-712,FedEx,Central,22.1,3.3,standard,4.04,56,2024-06-04
COMP-713,DSV,North,3.32,5.5,standard,4.77,381,2024-10-09
COMP-714,Kuehne+Nagel,South,15.23,4.9,standard,4.55,180,2024-06-01
COMP-715,Coyote,West,15.05,1.9,premium,3.33,121,2024-12-07
COMP-716,Schenker,West,3.21,6.2,premium,4.4,143,2024-04-13
COMP-717,DSV,North,24.97,1.0,budget,2.92,257,2024-02-02
COMP-718,Kuehne+Nagel,East,11.61,5.0,standard,3.92,355,2024-10-16
COMP-719,Hermes,South,16.4,3.1,premium,3.01,438,2024-08-23
COMP-720,Coyote,Nationwide,2.05,6.1,standard,3.14,172,2024-02-10
COMP-721,DB Schenker,Nationwide,16.42,5.6,premium,2.83,402,2024-01-24
COMP-722,UPS,West,10.29,2.2,budget,2.66,72,2024-12-25
COMP-723,DPD,East,8.2,3.2,budget,3.35,220,2024-04-02
COMP-724,Kuehne+Nagel,Central,12.25,6.5,standard,4.74,474,2024-06-03
COMP-725,UPS,Central,7.77,5.9,budget,3.53,323,2024-08-25
COMP-726,C.H. Robinson,Nationwide,8.71,5.8,standard,3.75,311,2024-11-20
COMP-727,FedEx,East,5.2,4.9,premium,3.46,296,2024-03-08
COMP-728,C.H. Robinson,West,8.48,5.8,budget,3.71,110,2024-09-24
COMP-729,FedEx,South,16.17,2.1,standard,2.9,500,2024-12-04
COMP-730,DPD,West,,4.9,budget,3.12,287,2024-09-19
COMP-731,Coyote,South,5.54,6.3,premium,4.74,374,2024-04-09
COMP-732,Coyote,East,1.64,3.9,standard,4.68,61,2024-10-21
COMP-733,Freightos,West,18.06,6.3,standard,3.6,423,2024-03-04
COMP-734,UPS,North,2.76,2.1,budget,3.96,257,2024-11-15
COMP-735,Transporeon,West,17.33,2.3,budget,2.77,399,2024-03-11
COMP-736,DSV,South,3.02,2.7,standard,4.52,120,2024-10-10
COMP-737,FedEx,Nationwide,,1.5,budget,2.67,139,2024-01-04
COMP-738,UPS,West,6.03,6.2,budget,2.65,159,2024-04-22
COMP-739,Hermes,West,2.82,4.3,budget,4.8,358,2024-02-16
COMP-740,Flexport,Nationwide,6.1,3.5,premium,3.27,461,2024-01-06
COMP-741,FedEx,West,6.69,5.4,premium,4.65,425,2024-10-28
COMP-742,Hermes,Central,9.82,2.6,standard,3.84,387,2024-07-09
COMP-743,DPD,Nationwide,11.26,5.9,budget,3.06,277,2024-02-21
COMP-744,Kuehne+Nagel,Central,24.39,2.4,budget,4.2,323,2024-05-09
COMP-745,Schenker,South,9.18,2.8,premium,3.54,498,2024-03-26
COMP-746,DHL,West,4.75,4.8,premium,4.8,222,2024-10-11
COMP-747,GLS,West,21.69,4.1,budget,2.57,305,2024-08-19
COMP-748,Kuehne+Nagel,North,1.58,4.3,premium,3.88,363,2024-08-02
COMP-749,FedEx,South,,3.2,budget,3.37,81,2024-12-13
COMP-750,DPD,East,22.03,4.2,premium,4.38,117,2024-03-01
COMP-751,UPS,Central,23.65,1.8,budget,4.92,428,2024-08-01
COMP-752,Transporeon,East,2.95,3.4,premium,3.49,281,2024-10-01
COMP-753,UPS,East,17.17,4.3,premium,4.41,331,2024-07-28
COMP-754,DB Schenker,North,18.41,3.5,standard,4.01,195,2024-11-03
COMP-755,UPS,West,1.9,5.7,premium,2.97,256,2024-05-12
COMP-756,Schenker,North,8.85,5.8,budget,3.98,132,2024-05-25
COMP-757,Transporeon,West,15.62,1.2,budget,2.99,13,2024-08-05
COMP-758,GLS,Central,19.59,1.1,budget,4.59,232,2024-01-08
COMP-759,Schenker,North,3.53,3.7,standard,3.85,428,2024-08-20
COMP-760,Flexport,South,1.83,4.0,premium,2.86,410,2024-12-01
COMP-761,DHL,East,8.8,1.1,premium,4.12,341,2024-06-07
COMP-762,DB Schenker,Central,20.88,3.3,standard,3.78,408,2024-10-15
COMP-763,Schenker,Central,4.61,2.7,standard,3.65,167,2024-05-26
COMP-764,C.H. Robinson,West,19.54,3.4,premium,4.63,452,2024-05-17
COMP-765,UPS,West,,3.7,standard,3.98,284,2024-04-16
COMP-766,DB Schenker,Nationwide,23.1,6.7,standard,4.05,32,2024-10-01
COMP-767,Flexport,Central,8.5,4.3,standard,3.72,411,2024-08-14
COMP-768,DB Schenker,East,17.73,6.1,standard,3.23,146,2024-03-16
COMP-769,Coyote,East,14.62,2.1,budget,4.73,121,2024-01-11
COMP-770,DB Schenker,Central,21.07,6.2,budget,4.4,299,2024-09-13
COMP-771,UPS,Central,16.44,3.1,budget,2.89,104,2024-12-17
COMP-772,Hermes,East,18.42,2.5,budget,3.95,297,2024-04-04
COMP-773,Freightos,East,17.84,2.2,budget,3.22,39,2024-08-26
COMP-774,UPS,South,1.51,1.9,budget,2.59,448,2024-01-07
COMP-775,Coyote,Nationwide,18.22,3.0,budget,3.26,102,2024-09-21
COMP-776,GLS,South,10.43,5.2,budget,4.36,485,2024-01-28
COMP-777,GLS,Nationwide,21.06,3.5,standard,3.52,441,2024-08-10
COMP-778,DB Schenker,North,12.96,2.9,premium,3.51,412,2024-11-01
COMP-779,C.H. Robinson,East,2.56,2.9,budget,4.51,309,2024-09-10
COMP-780,Transporeon,Nationwide,5.26,4.8,standard,4.31,488,2024-11-17
COMP-781,GLS,East,,6.2,premium,2.95,23,2024-10-13
COMP-782,Transporeon,East,13.66,4.7,standard,3.0,440,2024-02-15
COMP-783,Hermes,North,23.54,6.5,standard,4.66,478,2024-10-02
COMP-784,Schenker,North,6.18,5.7,premium,3.73,29,2024-02-24
COMP-785,Freightos,East,11.48,1.7,budget,3.63,297,2024-08-01
COMP-786,UPS,East,8.8,5.3,premium,2.64,458,2024-03-14
COMP-787,UPS,East,15.92,6.0,premium,4.7,357,2024-11-19
COMP-788,DB Schenker,West,5.85,1.4,budget,4.81,464,2024-06-04
COMP-789,DHL,Nationwide,,2.2,premium,3.92,443,2024-03-11
COMP-790,Kuehne+Nagel,Central,18.03,4.2,budget,3.57,374,2024-04-26
COMP-791,DSV,South,17.69,3.5,premium,3.04,457,2024-08-18
COMP-792,UPS,East,10.26,1.5,budget,4.05,284,2024-02-04
COMP-793,C.H. Robinson,West,22.31,6.4,standard,4.82,148,2024-09-25
COMP-794,Coyote,Nationwide,1.92,2.0,premium,4.53,98,2024-03-03
COMP-795,DSV,Nationwide,16.73,1.5,premium,3.8,83,2024-03-28
COMP-796,DPD,Nationwide,6.57,2.1,premium,4.31,53,2024-01-20
COMP-797,Coyote,West,22.08,2.3,standard,4.52,80,2024-08-21
COMP-798,Freightos,East,15.2,1.2,standard,2.64,416,2024-10-02
COMP-799,Transporeon,East,1.14,3.0,standard,2.54,348,2024-04-13
COMP-800,DSV,Nationwide,20.19,4.8,budget,4.69,326,2024-10-28
COMP-801,UPS,West,8.25,3.6,premium,3.03,75,2024-04-13
COMP-802,DPD,Central,6.87,2.8,standard,2.89,252,2024-12-07
COMP-803,DHL,Nationwide,,5.3,standard,3.26,416,2024-10-02
COMP-804,Schenker,East,1.77,4.6,budget,4.22,423,2024-03-08
COMP-805,C.H. Robinson,North,18.0,6.5,premium,2.98,268,2024-03-07
COMP-806,Hermes,Nationwide,4.23,2.9,budget,4.21,206,2024-05-03
COMP-807,GLS,South,10.34,5.0,standard,3.26,180,2024-07-05
COMP-808,Flexport,West,20.11,2.6,premium,4.93,258,2024-09-21
COMP-809,Flexport,Nationwide,23.13,3.4,standard,4.48,135,2024-02-25
COMP-810,Flexport,East,12.64,1.2,standard,2.52,393,2024-10-07
COMP-811,Kuehne+Nagel,North,6.53,4.8,standard,4.6,331,2024-04-04
COMP-812,GLS,North,21.32,4.0,budget,4.06,472,2024-07-24
COMP-813,FedEx,Central,24.37,5.1,standard,2.94,468,2024-09-07
COMP-814,DHL,West,8.16,2.2,standard,4.68,330,2024-02-18
COMP-815,Freightos,South,10.39,1.2,standard,4.98,161,2024-12-24
COMP-816,Transporeon,North,5.68,3.1,budget,3.2,393,2024-10-21
COMP-817,DSV,West,8.74,3.0,premium,3.98,311,2024-03-07
COMP-818,DSV,North,3.86,2.8,premium,4.59,316,2024-05-09
COMP-819,Schenker,Nationwide,4.38,2.0,premium,4.97,436,2024-04-01
COMP-820,C.H. Robinson,Central,10.93,4.4,standard,2.99,323,2024-05-19
COMP-821,Hermes,West,6.91,5.4,premium,4.83,344,2024-08-24
COMP-822,DHL,East,18.39,4.0,standard,4.27,284,2024-12-19
COMP-823,FedEx,Central,13.11,2.2,standard,3.44,153,2024-10-01
COMP-824,Transporeon,North,19.92,6.6,standard,3.81,147,2024-07-19
COMP-825,DHL,East,8.94,5.2,budget,4.2,269,2024-01-22
COMP-826,Flexport,South,,1.8,premium,3.21,137,2024-06-02
COMP-827,FedEx,East,3.43,4.9,standard,3.11,57,2024-09-20
COMP-828,GLS,Central,23.49,4.9,standard,3.23,124,2024-05-17
COMP-829,Freightos,Nationwide,4.13,3.6,standard,3.41,415,2024-03-19
COMP-830,Hermes,East,,4.2,standard,2.66,356,2024-08-21
COMP-831,Schenker,South,15.28,1.9,standard,3.02,353,2024-08-14
COMP-832,Flexport,West,10.76,5.1,budget,4.86,244,2024-07-06
COMP-833,DB Schenker,South,19.24,6.0,premium,4.11,439,2024-09-26
COMP-834,C.H. Robinson,North,,2.3,budget,4.78,357,2024-06-10
COMP-835,UPS,East,22.4,4.1,standard,4.23,352,2024-02-23
COMP-836,Coyote,West,16.92,2.5,premium,4.91,267,2024-12-03
COMP-837,Freightos,North,18.75,2.6,premium,2.84,51,2024-12-26
COMP-838,Flexport,Central,11.51,3.2,premium,4.6,55,2024-04-13
COMP-839,Transporeon,South,8.48,1.9,standard,3.69,424,2024-10-12
COMP-840,DHL,West,11.13,1.8,premium,4.33,391,2024-09-18
COMP-841,Hermes,West,5.03,2.5,standard,3.4,66,2024-07-01
COMP-842,Schenker,Central,1.15,2.7,budget,4.63,296,2024-10-15
COMP-843,DPD,South,9.16,1.0,standard,3.24,209,2024-07-20
COMP-844,Schenker,West,10.49,1.2,premium,4.82,283,2024-05-02
COMP-845,DB Schenker,North,22.98,3.3,premium,3.7,265,2024-10-17
COMP-846,C.H. Robinson,Central,13.6,1.5,premium,4.81,213,2024-06-16
COMP-847,C.H. Robinson,Nationwide,3.93,1.1,budget,3.33,149,2024-12-01
COMP-848,Kuehne+Nagel,West,,5.1,budget,3.56,101,2024-04-15
COMP-849,UPS,North,6.11,2.7,standard,2.71,466,2024-03-25
COMP-850,GLS,Central,19.82,2.1,standard,4.93,431,2024-04-18
COMP-851,DHL,West,7.23,6.0,standard,3.31,37,2024-07-01
COMP-852,Schenker,North,4.6,6.4,standard,3.73,190,2024-11-25
COMP-853,DPD,Nationwide,11.07,6.5,premium,2.91,38,2024-06-16
COMP-854,DSV,South,,6.2,premium,3.72,424,2024-10-20
COMP-855,Hermes,Nationwide,21.13,4.5,budget,3.78,432,2024-07-26
COMP-856,GLS,West,14.82,6.3,standard,4.32,43,2024-04-14
COMP-857,Transporeon,South,,2.3,budget,2.82,14,2024-05-08
COMP-858,UPS,Nationwide,15.0,2.0,budget,4.44,114,2024-01-28
COMP-859,Kuehne+Nagel,West,8.28,2.6,standard,4.21,378,2024-07-07
COMP-860,GLS,West,13.89,2.8,premium,4.04,14,2024-02-01
COMP-861,Schenker,Central,6.81,5.9,standard,4.52,188,2024-06-01
COMP-862,UPS,East,21.65,6.7,premium,4.86,299,2024-05-28
COMP-863,Coyote,Nationwide,21.04,5.7,standard,4.31,480,2024-11-23
COMP-864,C.H. Robinson,West,3.35,5.8,standard,3.1,298,2024-11-12
COMP-865,Kuehne+Nagel,South,23.92,5.7,premium,4.12,416,2024-12-21
COMP-866,Flexport,Nationwide,,3.1,budget,3.85,371,2024-03-17
COMP-867,Coyote,West,10.39,3.6,standard,2.53,278,2024-11-24
COMP-868,DB Schenker,West,6.14,3.2,premium,3.16,202,2024-11-11
COMP-869,DSV,Central,5.72,5.4,premium,3.44,183,2024-10-25
COMP-870,GLS,South,,3.4,standard,3.1,304,2024-07-13
COMP-871,GLS,West,20.43,1.3,premium,4.45,186,2024-08-10
COMP-872,Hermes,East,7.44,2.2,premium,3.31,145,2024-04-21
COMP-873,GLS,South,2.85,1.8,budget,3.17,253,2024-06-11
COMP-874,DPD,South,23.68,6.1,budget,2.7,353,2024-04-20
COMP-875,DHL,West,2.98,3.3,budget,2.52,142,2024-10-09
COMP-876,Coyote,West,9.9,3.5,standard,3.56,124,2024-04-28
COMP-877,DB Schenker,Nationwide,1.35,3.0,premium,4.19,383,2024-07-08
COMP-878,UPS,South,13.67,4.4,premium,4.15,189,2024-12-10
COMP-879,UPS,North,3.04,3.9,standard,3.98,83,2024-01-28
COMP-880,Hermes,Nationwide,9.6,1.6,standard,3.49,64,2024-09-10
COMP-881,Freightos,North,8.06,4.1,premium,4.82,448,2024-12-25
COMP-882,FedEx,South,23.25,3.1,standard,2.78,11,2024-12-18
COMP-883,Coyote,North,5.72,5.6,standard,3.32,412,2024-04-22
COMP-884,GLS,Central,2.35,6.3,budget,3.57,65,2024-07-09
COMP-885,Schenker,Nationwide,,1.3,budget,3.03,210,2024-07-14
COMP-886,C.H. Robinson,North,18.32,6.3,standard,2.94,447,2024-03-11
COMP-887,Transporeon,West,21.08,3.9,premium,4.82,167,2024-04-13
COMP-888,DB Schenker,West,21.43,1.4,budget,2.97,121,2024-02-04
COMP-889,DPD,Central,7.43,6.6,standard,3.22,122,2024-06-25
COMP-890,UPS,East,7.96,3.3,budget,2.64,487,2024-09-17
COMP-891,DHL,East,10.23,3.4,premium,2.76,225,2024-05-14
COMP-892,Coyote,West,14.71,3.7,standard,2.75,60,2024-03-22
COMP-893,Flexport,South,23.7,2.7,budget,4.74,265,2024-08-01
COMP-894,GLS,North,13.01,3.1,budget,3.18,350,2024-03-05
COMP-895,Flexport,South,11.32,7.0,standard,3.05,52,2024-07-09
COMP-896,DSV,North,12.65,2.4,budget,4.16,189,2024-10-12
COMP-897,GLS,West,,6.7,standard,3.55,417,2024-10-28
COMP-898,Schenker,West,2.93,5.4,premium,4.96,248,2024-08-24
COMP-899,UPS,South,23.67,5.6,standard,3.07,474,2024-10-10
COMP-900,Kuehne+Nagel,East,14.96,6.0,standard,4.58,56,2024-06-22
COMP-901,GLS,West,18.07,1.4,standard,3.64,103,2024-10-23
COMP-902,Freightos,South,15.74,6.6,premium,4.39,87,2024-04-05
COMP-903,Flexport,South,8.27,4.7,premium,2.7,212,2024-12-16
COMP-904,DHL,Central,24.36,6.7,standard,4.52,262,2024-06-21
COMP-905,DPD,Nationwide,2.25,5.9,budget,4.04,331,2024-11-13
COMP-906,DSV,South,13.87,3.7,standard,4.24,141,2024-11-02
COMP-907,DHL,North,1.42,2.5,budget,2.55,427,2024-02-01
COMP-908,Hermes,South,15.27,6.4,budget,2.6,215,2024-04-27
COMP-909,Freightos,Central,22.95,1.2,standard,3.96,369,2024-02-16
COMP-910,GLS,Nationwide,15.34,3.5,standard,3.73,85,2024-09-20
COMP-911,DHL,South,13.98,5.8,premium,4.35,228,2024-05-15
COMP-912,FedEx,North,4.41,3.3,premium,3.05,58,2024-08-04
COMP-913,DSV,South,1.62,6.7,standard,3.47,426,2024-08-20
COMP-914,Coyote,East,14.25,4.4,budget,2.56,438,2024-12-11
COMP-915,Hermes,Nationwide,22.94,4.4,budget,3.52,409,2024-03-09
COMP-916,FedEx,East,,6.5,budget,3.29,25,2024-04-07
COMP-917,Kuehne+Nagel,South,18.66,4.6,premium,3.57,410,2024-08-17
COMP-918,Hermes,South,18.52,4.8,premium,3.11,140,2024-12-18
COMP-919,Freightos,East,16.33,1.3,standard,4.98,456,2024-02-04
COMP-920,DB Schenker,Central,11.94,6.6,budget,3.52,425,2024-07-23
COMP-921,DHL,North,15.94,3.5,budget,3.68,215,2024-04-26
COMP-922,FedEx,East,8.91,1.8,premium,2.93,463,2024-12-16
COMP-923,DB Schenker,South,11.22,6.1,budget,3.86,251,2024-10-06
COMP-924,Flexport,North,,5.3,premium,3.46,312,2024-03-23
COMP-925,GLS,North,,6.7,premium,4.08,325,2024-07-17
COMP-926,Hermes,West,21.99,2.7,premium,4.09,361,2024-05-04
COMP-927,UPS,North,,2.9,standard,3.64,265,2024-06-03
COMP-928,GLS,Nationwide,21.63,6.0,budget,2.86,214,2024-12-25
COMP-929,DHL,North,2.22,5.1,budget,4.29,175,2024-03-15
COMP-930,FedEx,West,18.92,3.3,standard,4.64,139,2024-03-22
COMP-931,Schenker,South,9.26,5.2,premium,3.95,463,2024-04-07
COMP-932,Coyote,Nationwide,20.66,4.6,budget,3.01,262,2024-06-05
COMP-933,DPD,Central,9.78,2.1,standard,3.3,162,2024-05-20
COMP-934,Schenker,West,6.68,2.7,budget,4.24,77,2024-01-13
COMP-935,FedEx,East,23.5,1.6,premium,3.53,371,2024-08-22
COMP-936,Schenker,South,21.65,2.3,premium,3.6,437,2024-01-05
COMP-937,Hermes,West,3.77,1.6,premium,4.71,186,2024-03-11
COMP-938,DSV,East,13.86,1.6,premium,2.5,133,2024-01-07
COMP-939,GLS,West,4.76,2.7,premium,2.84,303,2024-01-24
COMP-940,GLS,East,23.97,5.7,budget,4.61,161,2024-02-03
COMP-941,Hermes,West,10.69,5.1,budget,4.35,173,2024-07-20
COMP-942,DSV,North,1.49,3.5,premium,3.16,76,2024-07-08
COMP-943,Flexport,South,10.37,1.4,standard,2.89,109,2024-04-22
COMP-944,Coyote,Central,11.7,6.0,standard,4.33,161,2024-11-08
COMP-945,GLS,South,5.88,5.3,standard,3.79,403,2024-06-27
COMP-946,DHL,Nationwide,19.58,3.5,standard,3.92,15,2024-01-11
COMP-947,Flexport,Central,13.17,3.1,standard,3.51,351,2024-10-04
COMP-948,Schenker,West,16.77,3.9,budget,3.25,461,2024-09-09
COMP-949,DSV,Nationwide,5.23,2.9,standard,4.09,408,2024-02-18
COMP-950,UPS,Central,2.8,5.8,standard,3.65,422,2024-07-27
COMP-951,DHL,Nationwide,,3.2,budget,4.08,142,2024-11-14
COMP-952,DPD,Central,17.23,5.9,standard,2.96,93,2024-05-20
COMP-953,Schenker,South,5.43,5.0,standard,3.34,237,2024-11-01
COMP-954,DSV,South,21.97,1.8,standard,3.62,450,2024-08-27
COMP-955,Freightos,East,7.92,3.1,premium,4.26,105,2024-09-07
COMP-956,Kuehne+Nagel,North,20.65,6.8,budget,2.71,497,2024-01-24
COMP-957,DPD,South,13.43,3.8,budget,2.55,135,2024-11-03
COMP-958,Freightos,West,14.01,4.3,standard,3.72,60,2024-12-05
COMP-959,DPD,East,16.31,1.6,standard,2.74,114,2024-11-09
COMP-960,UPS,North,4.85,3.5,premium,4.81,145,2024-10-24
COMP-961,GLS,West,4.16,4.7,standard,3.96,118,2024-05-13
COMP-962,Transporeon,Nationwide,2.55,4.7,premium,2.5,369,2024-08-02
COMP-963,DPD,South,9.76,1.7,premium,3.44,287,2024-01-26
COMP-964,DB Schenker,North,8.34,1.4,budget,3.71,371,2024-09-04
COMP-965,DSV,Nationwide,21.95,1.0,premium,4.63,205,2024-08-01
COMP-966,Flexport,Nationwide,,6.5,standard,3.17,106,2024-12-10
COMP-967,FedEx,Nationwide,20.6,5.7,budget,3.85,493,2024-12-23
COMP-968,Coyote,South,19.3,1.9,premium,3.34,234,2024-06-28
COMP-969,Coyote,East,23.35,4.5,premium,4.22,469,2024-05-15
COMP-970,Hermes,South,23.08,2.0,premium,3.71,397,2024-05-04
COMP-971,DPD,West,24.74,3.8,standard,4.1,394,2024-03-24
COMP-972,Freightos,Nationwide,,2.6,budget,2.67,430,2024-12-05
COMP-973,Coyote,East,12.31,3.7,standard,3.13,23,2024-09-12
COMP-974,Hermes,Nationwide,6.9,4.4,budget,4.94,126,2024-02-09
COMP-975,Transporeon,Central,10.13,1.3,premium,2.85,95,2024-05-10
COMP-976,Schenker,South,11.61,5.6,standard,2.56,374,2024-03-08
COMP-977,FedEx,North,20.16,3.9,premium,2.65,81,2024-12-05
COMP-978,Schenker,East,12.03,3.9,budget,3.96,368,2024-06-06
COMP-979,DSV,Central,10.73,2.8,premium,3.18,225,2024-03-04
COMP-980,DB Schenker,North,7.97,2.6,premium,2.85,179,2024-09-06
COMP-981,Coyote,West,,5.7,budget,3.73,288,2024-07-28
COMP-982,GLS,East,15.23,1.4,budget,4.96,445,2024-01-02
COMP-983,Freightos,West,4.91,4.3,budget,4.58,159,2024-07-05
COMP-984,FedEx,Central,8.61,6.9,budget,3.41,160,2024-09-14
COMP-985,C.H. Robinson,East,3.08,4.5,premium,3.79,311,2024-02-09
COMP-986,C.H. Robinson,East,11.44,1.6,budget,4.17,454,2024-01-13
COMP-987,Kuehne+Nagel,South,4.19,3.4,premium,3.46,397,2024-02-19
COMP-988,FedEx,North,6.78,2.9,premium,2.85,293,2024-04-06
COMP-989,C.H. Robinson,North,,2.2,standard,2.94,140,2024-10-19
COMP-990,Kuehne+Nagel,Central,4.64,3.5,premium,3.38,320,2024-01-14
COMP-991,Schenker,Central,9.57,1.1,budget,4.63,96,2024-06-28
COMP-992,UPS,Nationwide,15.84,2.5,budget,4.9,385,2024-06-18
COMP-993,Flexport,West,2.66,4.9,standard,3.51,208,2024-12-04
COMP-994,GLS,Nationwide,20.95,5.5,standard,3.58,111,2024-04-07
COMP-995,GLS,South,5.19,2.8,standard,3.89,91,2024-10-02
COMP-996,Hermes,Central,20.6,4.5,budget,3.18,43,2024-03-03
COMP-997,DSV,North,23.35,5.5,budget,2.67,107,2024-11-03
COMP-998,Kuehne+Nagel,East,2.04,6.5,standard,2.61,23,2024-11-26
COMP-999,Transporeon,West,22.35,6.8,premium,3.03,454,2024-10-24
COMP-1000,DSV,West,7.96,5.3,premium,4.57,232,2024-02-04
