route_id,origin_city,destination_city,distance_km,avg_duration_minutes,route_type,traffic_level,toll_roads,preferred_times
RTE-0001,Hamburg,Bonn,41.57,26.0,highway,medium,True,afternoon
RTE-0002,Bielefeld,Wuppertal,758.29,734.0,mixed,high,True,evening
RTE-0003,Munich,Berlin,116.96,60.0,urban,high,False,morning
RTE-0004,Bonn,Karlsruhe,294.7,200.0,mixed,low,True,any
RTE-0005,Wuppertal,Münchengladbach,96.41,78.0,highway,high,False,evening
RTE-0006,Stuttgart,Frankfurt,479.85,255.0,local,medium,False,any
RTE-0007,Bonn,Cologne,313.25,230.0,local,medium,True,morning
RTE-0008,Dresden,Hamburg,795.32,463.0,highway,high,False,morning
RTE-0009,Dresden,Frankfurt,301.41,254.0,urban,low,True,afternoon
RTE-0010,Hamburg,Bonn,89.54,48.0,mixed,medium,True,morning
RTE-0011,Cologne,Dresden,329.29,198.0,highway,medium,True,morning
RTE-0012,Dusseldorf,Dortmund,298.81,275.0,secondary,medium,False,any
RTE-0013,Cologne,Stuttgart,610.65,395.0,highway,low,False,any
RTE-0014,Bonn,Stuttgart,634.14,382.0,mixed,low,False,afternoon
RTE-0015,Bonn,Munich,96.06,80.0,highway,high,True,any
RTE-0016,Nuremberg,Leipzig,528.4,306.0,highway,low,False,morning
RTE-0017,Bonn,Dortmund,225.08,150.0,highway,low,False,morning
RTE-0018,Dortmund,Berlin,720.07,542.0,local,low,False,evening
RTE-0019,Munich,Münchengladbach,795.8,413.0,highway,medium,False,morning
RTE-0020,Nuremberg,Dresden,515.24,332.0,local,medium,True,morning
RTE-0021,Stuttgart,Münchengladbach,482.85,400.0,highway,high,False,evening
RTE-0022,Cologne,Berlin,24.56,15.0,local,high,False,morning
RTE-0023,Münchengladbach,Dortmund,609.35,544.0,urban,high,False,morning
RTE-0024,Mannheim,Stuttgart,179.02,133.0,mixed,low,True,any
RTE-0025,Leipzig,Bonn,504.76,392.0,mixed,low,True,afternoon
RTE-0026,Nuremberg,Dortmund,244.72,188.0,local,medium,False,morning
RTE-0027,Karlsruhe,Münchengladbach,385.47,303.0,highway,low,True,any
RTE-0028,Karlsruhe,Mannheim,745.99,487.0,urban,high,True,morning
RTE-0029,Dortmund,Mannheim,132.72,74.0,local,low,True,any
RTE-0030,Munich,Nuremberg,650.84,354.0,mixed,low,True,afternoon
RTE-0031,Münchengladbach,Nuremberg,94.04,61.0,urban,high,True,afternoon
RTE-0032,Leipzig,Hannover,395.79,244.0,mixed,medium,False,afternoon
RTE-0033,Dortmund,Nuremberg,247.04,187.0,urban,low,False,afternoon
RTE-0034,Cologne,Hannover,523.56,269.0,mixed,medium,False,morning
RTE-0035,Stuttgart,Nuremberg,767.07,705.0,secondary,high,False,morning
RTE-0036,Wuppertal,Munster,196.3,169.0,secondary,medium,True,afternoon
RTE-0037,Cologne,Dusseldorf,782.76,443.0,secondary,high,False,morning
RTE-0038,Berlin,Dortmund,270.18,215.0,urban,low,False,evening
RTE-0039,Bonn,Bielefeld,776.72,586.0,secondary,low,True,evening
RTE-0040,Hannover,Hamburg,200.29,140.0,secondary,medium,True,morning
RTE-0041,Cologne,Dusseldorf,35.63,19.0,highway,low,False,evening
RTE-0042,Bonn,Hannover,795.35,445.0,mixed,medium,False,morning
RTE-0043,Munich,Stuttgart,276.43,199.0,local,medium,True,any
RTE-0044,Wuppertal,Dusseldorf,209.45,152.0,secondary,medium,False,any
RTE-0045,Dresden,Karlsruhe,502.81,391.0,secondary,medium,True,any
RTE-0046,Leipzig,Munich,92.66,47.0,local,low,False,morning
RTE-0047,Cologne,Dresden,248.87,,highway,high,False,any
RTE-0048,Dusseldorf,Münchengladbach,567.88,431.0,urban,low,False,evening
RTE-0049,Bielefeld,Stuttgart,678.07,406.0,urban,medium,False,any
RTE-0050,Cologne,Bielefeld,448.48,230.0,local,medium,True,afternoon
RTE-0051,Frankfurt,Nuremberg,637.78,418.0,local,medium,True,evening
RTE-0052,Mannheim,Münchengladbach,764.01,662.0,mixed,medium,True,evening
RTE-0053,Hannover,Wuppertal,445.86,303.0,secondary,medium,False,afternoon
RTE-0054,Wuppertal,Augsburg,723.14,429.0,local,low,True,afternoon
RTE-0055,Bielefeld,Munich,577.94,387.0,secondary,medium,False,any
RTE-0056,Wuppertal,Leipzig,101.15,77.0,local,low,False,morning
RTE-0057,Bielefeld,Munster,290.83,162.0,highway,low,True,any
RTE-0058,Karlsruhe,Frankfurt,458.84,402.0,urban,high,False,any
RTE-0059,Bielefeld,Augsburg,342.81,188.0,secondary,low,True,any
RTE-0060,Cologne,Dortmund,154.32,113.0,local,medium,False,afternoon
RTE-0061,Dresden,Cologne,364.59,328.0,local,high,False,evening
RTE-0062,Bonn,Cologne,462.36,361.0,secondary,low,False,evening
RTE-0063,Frankfurt,Dortmund,235.78,,mixed,low,True,afternoon
RTE-0064,Stuttgart,Karlsruhe,394.49,328.0,local,high,False,morning
RTE-0065,Hamburg,Münchengladbach,261.72,156.0,local,medium,False,morning
RTE-0066,Nuremberg,Dusseldorf,613.32,543.0,mixed,high,True,any
RTE-0067,Karlsruhe,Bielefeld,40.34,21.0,secondary,low,False,any
RTE-0068,Dresden,Hamburg,513.44,343.0,secondary,low,True,morning
RTE-0069,Bonn,Frankfurt,353.63,322.0,urban,high,False,evening
RTE-0070,Frankfurt,Augsburg,588.01,430.0,mixed,high,False,evening
RTE-0071,Wuppertal,Leipzig,334.8,176.0,urban,low,True,any
RTE-0072,Munster,Stuttgart,188.35,100.0,secondary,low,True,any
RTE-0073,Münchengladbach,Augsburg,335.19,,mixed,low,True,evening
RTE-0074,Stuttgart,Dortmund,650.24,343.0,highway,low,False,morning
RTE-0075,Frankfurt,Bielefeld,69.14,66.0,local,medium,True,any
RTE-0076,Augsburg,Frankfurt,779.3,484.0,local,low,False,afternoon
RTE-0077,Hamburg,Münchengladbach,770.63,626.0,highway,medium,True,morning
RTE-0078,Hamburg,Karlsruhe,726.75,585.0,mixed,high,True,morning
RTE-0079,Hamburg,Wuppertal,790.31,565.0,secondary,high,False,afternoon
RTE-0080,Hannover,Munich,584.34,312.0,highway,low,True,morning
RTE-0081,Stuttgart,Mannheim,108.97,100.0,highway,medium,True,evening
RTE-0082,Munich,Dresden,132.73,87.0,urban,low,True,any
RTE-0083,Augsburg,Leipzig,170.77,103.0,highway,medium,True,any
RTE-0084,Hannover,Münchengladbach,761.01,539.0,highway,high,False,afternoon
RTE-0085,Bonn,Leipzig,791.35,653.0,highway,medium,True,any
RTE-0086,Cologne,Stuttgart,688.56,485.0,urban,high,True,morning
RTE-0087,Leipzig,Mannheim,279.25,244.0,mixed,medium,True,morning
RTE-0088,Dusseldorf,Frankfurt,511.48,365.0,highway,medium,False,morning
RTE-0089,Dusseldorf,Leipzig,56.6,54.0,urban,medium,True,any
RTE-0090,Augsburg,Dresden,259.38,133.0,highway,medium,False,morning
RTE-0091,Dusseldorf,Stuttgart,773.87,398.0,mixed,low,False,evening
RTE-0092,Berlin,Bielefeld,627.09,452.0,mixed,medium,False,morning
RTE-0093,Karlsruhe,Mannheim,145.48,99.0,local,medium,False,evening
RTE-0094,Karlsruhe,Stuttgart,765.98,478.0,highway,low,True,evening
RTE-0095,Karlsruhe,Frankfurt,742.11,494.0,mixed,low,False,morning
RTE-0096,Münchengladbach,Bonn,608.91,384.0,local,medium,True,evening
RTE-0097,Bonn,Hannover,112.66,70.0,secondary,high,False,afternoon
RTE-0098,Leipzig,Stuttgart,467.08,368.0,mixed,medium,False,any
RTE-0099,Dortmund,Nuremberg,153.23,81.0,highway,medium,True,evening
RTE-0100,Munich,Bonn,440.03,336.0,local,medium,True,afternoon
RTE-0101,Dortmund,Augsburg,626.16,383.0,urban,low,False,evening
RTE-0102,Munich,Hannover,430.89,349.0,highway,low,True,any
RTE-0103,Hamburg,Dusseldorf,260.26,237.0,secondary,medium,False,afternoon
RTE-0104,Hannover,Munster,436.54,259.0,secondary,medium,True,any
RTE-0105,Cologne,Dusseldorf,298.36,215.0,urban,low,False,any
RTE-0106,Bielefeld,Dortmund,491.9,370.0,highway,medium,True,any
RTE-0107,Munster,Cologne,507.0,,urban,high,True,evening
RTE-0108,Stuttgart,Wuppertal,90.8,65.0,local,medium,True,afternoon
RTE-0109,Bonn,Munster,671.16,510.0,local,low,False,afternoon
RTE-0110,Munich,Stuttgart,80.57,50.0,highway,medium,True,any
RTE-0111,Dortmund,Leipzig,725.28,637.0,mixed,medium,True,evening
RTE-0112,Wuppertal,Münchengladbach,555.05,407.0,local,low,True,morning
RTE-0113,Cologne,Berlin,82.89,69.0,local,high,False,evening
RTE-0114,Hamburg,Munster,13.66,6.0,mixed,medium,False,morning
RTE-0115,Leipzig,Wuppertal,29.58,17.0,highway,medium,False,any
RTE-0116,Bonn,Karlsruhe,382.66,,secondary,low,False,afternoon
RTE-0117,Leipzig,Mannheim,28.0,20.0,urban,medium,True,any
RTE-0118,Munster,Bonn,395.49,212.0,mixed,low,False,any
RTE-0119,Mannheim,Münchengladbach,519.5,400.0,secondary,medium,False,evening
RTE-0120,Bonn,Munich,750.29,479.0,local,low,False,any
RTE-0121,Karlsruhe,Dortmund,520.09,272.0,urban,low,True,morning
RTE-0122,Frankfurt,Bonn,618.49,342.0,highway,high,True,any
RTE-0123,Cologne,Mannheim,734.01,578.0,local,low,False,afternoon
RTE-0124,Frankfurt,Leipzig,287.23,145.0,local,medium,False,any
RTE-0125,Munich,Münchengladbach,387.9,273.0,highway,medium,True,morning
RTE-0126,Dortmund,Münchengladbach,421.21,333.0,mixed,low,True,morning
RTE-0127,Hannover,Cologne,66.83,60.0,highway,high,False,any
RTE-0128,Hannover,Stuttgart,184.71,117.0,mixed,low,False,morning
RTE-0129,Bielefeld,Dortmund,236.55,143.0,secondary,low,True,morning
RTE-0130,Nuremberg,Münchengladbach,594.88,367.0,highway,medium,False,any
RTE-0131,Berlin,Karlsruhe,136.68,72.0,secondary,medium,False,afternoon
RTE-0132,Cologne,Augsburg,411.21,310.0,highway,high,True,evening
RTE-0133,Frankfurt,Bonn,334.47,,mixed,medium,False,afternoon
RTE-0134,Augsburg,Bonn,177.29,89.0,urban,high,True,morning
RTE-0135,Münchengladbach,Mannheim,769.33,594.0,local,medium,True,afternoon
RTE-0136,Munich,Cologne,42.4,28.0,highway,high,True,evening
RTE-0137,Frankfurt,Dusseldorf,276.36,204.0,mixed,high,True,afternoon
RTE-0138,Dresden,Augsburg,483.94,254.0,local,medium,False,any
RTE-0139,Munich,Munster,327.09,235.0,secondary,medium,True,any
RTE-0140,Munich,Berlin,124.43,73.0,mixed,low,True,morning
RTE-0141,Karlsruhe,Hannover,192.42,101.0,local,medium,True,evening
RTE-0142,Munster,Karlsruhe,405.75,289.0,secondary,medium,True,afternoon
RTE-0143,Leipzig,Nuremberg,596.29,334.0,mixed,medium,True,evening
RTE-0144,Stuttgart,Wuppertal,102.24,82.0,highway,high,True,any
RTE-0145,Karlsruhe,Dortmund,550.63,501.0,secondary,medium,True,any
RTE-0146,Hannover,Munich,73.16,60.0,local,medium,False,afternoon
RTE-0147,Hannover,Leipzig,142.23,79.0,mixed,medium,False,morning
RTE-0148,Dresden,Karlsruhe,429.27,286.0,secondary,high,False,any
RTE-0149,Dresden,Cologne,400.88,267.0,secondary,medium,False,morning
RTE-0150,Karlsruhe,Berlin,243.67,143.0,highway,high,False,evening
RTE-0151,Cologne,Stuttgart,742.68,508.0,local,low,False,morning
RTE-0152,Augsburg,Dortmund,142.33,116.0,highway,medium,False,morning
RTE-0153,Berlin,Mannheim,602.64,314.0,urban,high,True,evening
RTE-0154,Mannheim,Nuremberg,374.51,190.0,mixed,high,True,morning
RTE-0155,Berlin,Karlsruhe,269.75,167.0,local,low,True,morning
RTE-0156,Augsburg,Leipzig,188.94,110.0,local,low,False,afternoon
RTE-0157,Wuppertal,Cologne,239.2,141.0,highway,low,False,afternoon
RTE-0158,Dusseldorf,Munster,610.96,537.0,urban,medium,True,afternoon
RTE-0159,Wuppertal,Cologne,538.74,446.0,urban,medium,False,any
RTE-0160,Mannheim,Münchengladbach,777.52,670.0,local,medium,True,evening
RTE-0161,Bielefeld,Munich,319.62,168.0,local,high,True,morning
RTE-0162,Munich,Frankfurt,43.05,39.0,urban,medium,True,any
RTE-0163,Munich,Bonn,253.1,129.0,local,high,False,any
RTE-0164,Stuttgart,Wuppertal,455.6,305.0,urban,medium,True,evening
RTE-0165,Hannover,Mannheim,529.21,427.0,secondary,low,False,any
RTE-0166,Hannover,Leipzig,645.96,526.0,secondary,low,False,afternoon
RTE-0167,Hannover,Wuppertal,164.36,83.0,highway,medium,True,afternoon
RTE-0168,Munich,Karlsruhe,559.66,406.0,local,medium,True,evening
RTE-0169,Bielefeld,Münchengladbach,771.97,425.0,secondary,medium,True,afternoon
RTE-0170,Bonn,Dresden,624.56,417.0,urban,low,False,afternoon
RTE-0171,Cologne,Dusseldorf,488.61,466.0,local,medium,False,afternoon
RTE-0172,Wuppertal,Nuremberg,629.2,445.0,mixed,low,True,evening
RTE-0173,Hamburg,Dortmund,159.06,104.0,mixed,low,True,evening
RTE-0174,Dortmund,Wuppertal,618.1,544.0,urban,low,False,afternoon
RTE-0175,Dresden,Berlin,198.97,107.0,local,high,False,evening
RTE-0176,Dortmund,Stuttgart,696.67,505.0,local,medium,False,evening
RTE-0177,Munster,Dortmund,149.06,126.0,highway,medium,False,any
RTE-0178,Hannover,Berlin,766.6,487.0,highway,medium,True,morning
RTE-0179,Dortmund,Berlin,323.63,173.0,mixed,medium,True,any
RTE-0180,Leipzig,Augsburg,194.11,149.0,mixed,medium,False,afternoon
RTE-0181,Dortmund,Hamburg,574.33,309.0,urban,medium,False,morning
RTE-0182,Bielefeld,Bonn,116.33,63.0,secondary,medium,True,afternoon
RTE-0183,Bonn,Nuremberg,465.4,320.0,secondary,low,True,any
RTE-0184,Bielefeld,Karlsruhe,107.08,74.0,secondary,medium,True,afternoon
RTE-0185,Bonn,Munich,279.37,143.0,urban,low,True,afternoon
RTE-0186,Augsburg,Berlin,766.72,761.0,secondary,medium,True,afternoon
RTE-0187,Bielefeld,Wuppertal,765.87,612.0,highway,low,False,afternoon
RTE-0188,Berlin,Münchengladbach,396.83,391.0,local,high,True,any
RTE-0189,Wuppertal,Bonn,330.62,173.0,secondary,medium,True,evening
RTE-0190,Mannheim,Frankfurt,474.58,280.0,highway,medium,False,morning
RTE-0191,Munster,Karlsruhe,467.4,267.0,urban,medium,True,evening
RTE-0192,Munster,Augsburg,525.37,292.0,highway,medium,True,morning
RTE-0193,Dresden,Dortmund,576.71,484.0,secondary,low,False,afternoon
RTE-0194,Wuppertal,Augsburg,438.45,425.0,mixed,medium,False,afternoon
RTE-0195,Augsburg,Munich,627.07,464.0,mixed,medium,False,any
RTE-0196,Cologne,Hannover,305.9,197.0,highway,high,False,morning
RTE-0197,Bonn,Hamburg,22.73,11.0,urban,medium,False,afternoon
RTE-0198,Mannheim,Munster,724.33,370.0,secondary,high,True,afternoon
RTE-0199,Hannover,Bonn,81.3,51.0,secondary,medium,False,any
RTE-0200,Munich,Stuttgart,389.22,276.0,highway,high,True,afternoon
RTE-0201,Nuremberg,Dusseldorf,637.47,339.0,unknown,low,True,afternoon
RTE-0202,Stuttgart,Wuppertal,381.34,214.0,mixed,medium,False,evening
RTE-0203,Dortmund,Nuremberg,10.87,6.0,highway,medium,True,any
RTE-0204,Hannover,Nuremberg,105.6,70.0,highway,low,True,afternoon
RTE-0205,Hannover,Augsburg,171.66,94.0,highway,low,False,afternoon
RTE-0206,Leipzig,Bielefeld,516.18,484.0,highway,low,True,morning
RTE-0207,Bonn,Berlin,527.35,478.0,urban,high,False,any
RTE-0208,Hannover,Munich,657.34,447.0,mixed,low,True,afternoon
RTE-0209,Münchengladbach,Berlin,267.65,149.0,urban,low,False,afternoon
RTE-0210,Dortmund,Hannover,11.31,10.0,secondary,medium,True,any
RTE-0211,Cologne,Bonn,26.12,20.0,secondary,medium,False,afternoon
RTE-0212,Hamburg,Dortmund,360.4,242.0,secondary,medium,True,afternoon
RTE-0213,Karlsruhe,Bonn,560.0,395.0,mixed,medium,True,afternoon
RTE-0214,Bielefeld,Nuremberg,46.38,23.0,mixed,high,True,morning
RTE-0215,Hamburg,Dresden,798.39,641.0,mixed,medium,False,any
RTE-0216,Berlin,Hannover,710.7,459.0,local,low,True,evening
RTE-0217,Bonn,Leipzig,382.06,227.0,local,low,False,evening
RTE-0218,Leipzig,Münchengladbach,706.83,692.0,mixed,low,True,any
RTE-0219,Mannheim,Augsburg,408.26,328.0,local,high,True,afternoon
RTE-0220,Stuttgart,Dortmund,697.41,377.0,mixed,medium,True,morning
RTE-0221,Dortmund,Hamburg,90.93,52.0,secondary,high,False,morning
RTE-0222,Nuremberg,Karlsruhe,127.93,68.0,urban,high,True,morning
RTE-0223,Dresden,Münchengladbach,631.94,416.0,secondary,low,True,evening
RTE-0224,Münchengladbach,Wuppertal,772.13,521.0,secondary,low,True,afternoon
RTE-0225,Münchengladbach,Berlin,212.96,189.0,mixed,high,True,morning
RTE-0226,Hannover,Munster,649.02,512.0,highway,high,True,morning
RTE-0227,Stuttgart,Berlin,585.1,392.0,secondary,high,False,morning
RTE-0228,Dortmund,Munster,451.17,259.0,local,medium,False,morning
RTE-0229,Dresden,Frankfurt,536.91,299.0,secondary,low,True,afternoon
RTE-0230,Münchengladbach,Karlsruhe,595.02,457.0,unknown,medium,True,evening
RTE-0231,Bonn,Leipzig,481.17,386.0,urban,medium,False,afternoon
RTE-0232,Karlsruhe,Dresden,426.35,214.0,mixed,high,True,any
RTE-0233,Augsburg,Hamburg,771.88,670.0,mixed,low,True,afternoon
RTE-0234,Dusseldorf,Mannheim,759.09,414.0,secondary,high,True,morning
RTE-0235,Wuppertal,Augsburg,702.55,392.0,mixed,high,False,afternoon
RTE-0236,Dusseldorf,Augsburg,626.12,340.0,highway,low,False,morning
RTE-0237,Hamburg,Wuppertal,50.82,26.0,secondary,medium,False,morning
RTE-0238,Hannover,Munster,632.72,368.0,mixed,high,True,evening
RTE-0239,Hannover,Nuremberg,500.35,431.0,highway,high,False,afternoon
RTE-0240,Munich,Hamburg,470.91,297.0,highway,high,False,afternoon
RTE-0241,Dusseldorf,Berlin,123.98,64.0,urban,low,True,morning
RTE-0242,Karlsruhe,Munster,103.76,58.0,local,low,False,any
RTE-0243,Cologne,Dortmund,717.36,503.0,local,low,False,morning
RTE-0244,Munster,Frankfurt,300.07,296.0,highway,low,True,any
RTE-0245,Dresden,Karlsruhe,302.99,208.0,local,high,True,afternoon
RTE-0246,Dresden,Augsburg,254.59,251.0,urban,medium,True,afternoon
RTE-0247,Mannheim,Wuppertal,193.27,158.0,mixed,high,False,afternoon
RTE-0248,Cologne,Bonn,743.55,530.0,urban,medium,True,afternoon
RTE-0249,Munster,Hamburg,90.33,78.0,highway,medium,True,any
RTE-0250,Munich,Karlsruhe,506.48,436.0,urban,low,True,morning
RTE-0251,Cologne,Frankfurt,251.07,188.0,unknown,low,True,evening
RTE-0252,Dortmund,Berlin,86.45,66.0,local,low,True,morning
RTE-0253,Frankfurt,Hamburg,486.39,250.0,local,low,False,evening
RTE-0254,Hamburg,Dresden,310.37,171.0,mixed,medium,False,morning
RTE-0255,Berlin,Bonn,253.47,232.0,urban,medium,False,evening
RTE-0256,Wuppertal,Augsburg,726.69,638.0,secondary,medium,False,evening
RTE-0257,Nuremberg,Bielefeld,512.3,362.0,secondary,medium,False,evening
RTE-0258,Nuremberg,Dresden,630.6,371.0,mixed,high,False,evening
RTE-0259,Munich,Frankfurt,661.69,429.0,local,medium,True,afternoon
RTE-0260,Munich,Munster,567.98,430.0,highway,low,False,evening
RTE-0261,Cologne,Münchengladbach,725.78,434.0,highway,medium,True,any
RTE-0262,Cologne,Hamburg,567.6,361.0,mixed,medium,False,any
RTE-0263,Augsburg,Bonn,705.5,541.0,highway,medium,False,morning
RTE-0264,Leipzig,Berlin,29.52,17.0,secondary,medium,True,any
RTE-0265,Munich,Wuppertal,560.08,365.0,highway,low,False,any
RTE-0266,Munich,Munster,26.11,17.0,highway,medium,True,afternoon
RTE-0267,Wuppertal,Cologne,373.66,254.0,mixed,low,False,any
RTE-0268,Wuppertal,Karlsruhe,563.37,322.0,mixed,high,False,any
RTE-0269,Hamburg,Wuppertal,675.67,444.0,local,medium,False,evening
RTE-0270,Augsburg,Munster,205.89,105.0,mixed,low,False,morning
RTE-0271,Mannheim,Dusseldorf,247.62,146.0,highway,medium,True,any
RTE-0272,Hannover,Berlin,330.47,232.0,urban,low,False,evening
RTE-0273,Dortmund,Mannheim,595.86,310.0,urban,low,False,evening
RTE-0274,Berlin,Stuttgart,211.47,107.0,secondary,high,True,morning
RTE-0275,Berlin,Wuppertal,494.38,444.0,secondary,low,True,morning
RTE-0276,Hannover,Augsburg,615.74,530.0,highway,low,False,afternoon
RTE-0277,Bonn,Berlin,599.69,394.0,secondary,high,False,evening
RTE-0278,Augsburg,Munich,150.87,77.0,mixed,medium,True,any
RTE-0279,Stuttgart,Hannover,740.76,423.0,unknown,high,True,morning
RTE-0280,Dresden,Bonn,69.95,37.0,highway,low,False,any
RTE-0281,Frankfurt,Bonn,601.4,345.0,secondary,medium,True,afternoon
RTE-0282,Dusseldorf,Frankfurt,196.48,141.0,mixed,low,False,morning
RTE-0283,Berlin,Münchengladbach,138.93,135.0,mixed,high,True,evening
RTE-0284,Munich,Dusseldorf,147.73,142.0,highway,low,False,morning
RTE-0285,Munich,Dusseldorf,173.09,129.0,urban,low,True,afternoon
RTE-0286,Nuremberg,Frankfurt,368.32,210.0,urban,low,False,afternoon
RTE-0287,Dusseldorf,Münchengladbach,678.56,,highway,low,True,morning
RTE-0288,Cologne,Hamburg,258.19,163.0,urban,medium,True,afternoon
RTE-0289,Dusseldorf,Stuttgart,246.55,187.0,local,low,True,any
RTE-0290,Nuremberg,Dresden,383.34,211.0,mixed,medium,True,afternoon
RTE-0291,Bielefeld,Wuppertal,344.51,282.0,secondary,medium,True,afternoon
RTE-0292,Berlin,Dresden,677.17,362.0,secondary,medium,False,afternoon
RTE-0293,Cologne,Wuppertal,481.2,306.0,secondary,medium,False,afternoon
RTE-0294,Dusseldorf,Karlsruhe,56.7,32.0,urban,medium,False,any
RTE-0295,Münchengladbach,Bonn,704.72,675.0,local,low,False,any
RTE-0296,Bonn,Bielefeld,536.4,332.0,highway,low,True,morning
RTE-0297,Augsburg,Munster,394.53,217.0,mixed,medium,False,morning
RTE-0298,Munich,Dortmund,124.32,123.0,secondary,medium,False,afternoon
RTE-0299,Bonn,Karlsruhe,605.93,356.0,mixed,medium,False,morning
RTE-0300,Frankfurt,Nuremberg,390.75,218.0,local,medium,True,evening
RTE-0301,Münchengladbach,Nuremberg,42.82,23.0,urban,medium,True,afternoon
RTE-0302,Leipzig,Stuttgart,620.23,509.0,mixed,low,False,evening
RTE-0303,Dusseldorf,Stuttgart,756.11,407.0,secondary,low,True,any
RTE-0304,Leipzig,Berlin,47.76,37.0,secondary,low,True,any
RTE-0305,Karlsruhe,Bielefeld,254.79,168.0,mixed,medium,True,any
RTE-0306,Frankfurt,Hannover,324.44,183.0,local,high,False,morning
RTE-0307,Hamburg,Mannheim,185.74,169.0,secondary,low,False,any
RTE-0308,Munich,Frankfurt,139.32,80.0,secondary,medium,True,evening
RTE-0309,Hamburg,Bielefeld,193.66,136.0,urban,low,False,morning
RTE-0310,Karlsruhe,Bonn,783.34,394.0,local,high,False,afternoon
RTE-0311,Munich,Karlsruhe,471.85,300.0,highway,high,False,morning
RTE-0312,Stuttgart,Munich,646.84,381.0,highway,high,True,any
RTE-0313,Augsburg,Stuttgart,194.57,111.0,mixed,medium,False,morning
RTE-0314,Leipzig,Dresden,71.85,37.0,secondary,medium,False,any
RTE-0315,Bonn,Karlsruhe,676.89,,highway,high,False,morning
RTE-0316,Augsburg,Munster,746.6,550.0,secondary,high,False,evening
RTE-0317,Bielefeld,Frankfurt,223.95,112.0,mixed,medium,False,evening
RTE-0318,Berlin,Bielefeld,398.55,212.0,highway,low,True,evening
RTE-0319,Bielefeld,Munster,278.65,156.0,mixed,low,True,afternoon
RTE-0320,Dusseldorf,Dresden,707.28,619.0,urban,low,False,morning
RTE-0321,Mannheim,Bielefeld,39.54,20.0,urban,low,False,afternoon
RTE-0322,Bielefeld,Hannover,628.17,415.0,mixed,low,True,morning
RTE-0323,Mannheim,Bielefeld,444.71,348.0,highway,medium,True,any
RTE-0324,Cologne,Hamburg,612.19,475.0,secondary,low,True,morning
RTE-0325,Augsburg,Bonn,37.89,21.0,urban,medium,False,morning
RTE-0326,Wuppertal,Augsburg,174.75,107.0,secondary,low,False,evening
RTE-0327,Nuremberg,Bielefeld,288.06,214.0,highway,low,False,morning
RTE-0328,Hannover,Karlsruhe,219.89,110.0,urban,high,True,evening
RTE-0329,Stuttgart,Münchengladbach,127.02,83.0,unknown,medium,False,morning
RTE-0330,Augsburg,Bonn,544.69,276.0,mixed,low,False,morning
RTE-0331,Stuttgart,Frankfurt,649.4,634.0,secondary,medium,True,morning
RTE-0332,Frankfurt,Augsburg,92.25,56.0,secondary,medium,True,any
RTE-0333,Nuremberg,Karlsruhe,206.92,131.0,unknown,medium,True,evening
RTE-0334,Karlsruhe,Dortmund,465.31,295.0,mixed,high,True,afternoon
RTE-0335,Stuttgart,Karlsruhe,387.32,249.0,highway,medium,False,afternoon
RTE-0336,Bonn,Karlsruhe,754.01,398.0,mixed,high,True,any
RTE-0337,Dusseldorf,Wuppertal,51.84,41.0,urban,high,True,afternoon
RTE-0338,Berlin,Dusseldorf,734.12,382.0,secondary,medium,True,afternoon
RTE-0339,Bielefeld,Munich,649.34,613.0,mixed,medium,False,evening
RTE-0340,Mannheim,Dresden,63.5,45.0,mixed,medium,True,morning
RTE-0341,Dortmund,Frankfurt,507.69,427.0,highway,low,False,evening
RTE-0342,Hamburg,Dortmund,384.37,242.0,unknown,medium,True,afternoon
RTE-0343,Frankfurt,Hannover,631.78,320.0,highway,high,True,evening
RTE-0344,Augsburg,Dortmund,708.63,455.0,mixed,low,False,morning
RTE-0345,Cologne,Dortmund,413.92,266.0,mixed,medium,True,morning
RTE-0346,Nuremberg,Bielefeld,577.27,350.0,local,high,False,evening
RTE-0347,Mannheim,Bielefeld,203.14,101.0,highway,low,True,any
RTE-0348,Nuremberg,Bonn,324.48,212.0,urban,high,True,any
RTE-0349,Münchengladbach,Bonn,426.58,357.0,secondary,medium,False,evening
RTE-0350,Augsburg,Hannover,467.2,364.0,local,low,True,evening
RTE-0351,Hamburg,Dortmund,159.7,114.0,mixed,low,True,morning
RTE-0352,Berlin,Munster,240.82,192.0,urban,high,True,any
RTE-0353,Wuppertal,Dresden,391.45,299.0,local,high,False,morning
RTE-0354,Wuppertal,Karlsruhe,122.24,65.0,mixed,medium,False,evening
RTE-0355,Dresden,Leipzig,745.99,548.0,highway,medium,True,evening
RTE-0356,Stuttgart,Münchengladbach,75.12,49.0,urban,high,True,morning
RTE-0357,Bielefeld,Münchengladbach,444.25,379.0,mixed,high,True,morning
RTE-0358,Bonn,Berlin,461.16,288.0,secondary,medium,True,evening
RTE-0359,Munster,Nuremberg,103.26,52.0,local,medium,False,afternoon
RTE-0360,Leipzig,Hamburg,732.92,635.0,urban,medium,False,any
RTE-0361,Frankfurt,Munster,198.65,175.0,local,medium,False,afternoon
RTE-0362,Hannover,Karlsruhe,175.96,112.0,mixed,medium,True,afternoon
RTE-0363,Stuttgart,Augsburg,309.0,244.0,urban,medium,True,afternoon
RTE-0364,Nuremberg,Stuttgart,263.92,216.0,highway,medium,False,morning
RTE-0365,Frankfurt,Bonn,543.6,343.0,highway,high,False,evening
RTE-0366,Dresden,Leipzig,464.53,365.0,local,medium,True,any
RTE-0367,Münchengladbach,Bonn,706.67,375.0,unknown,medium,False,any
RTE-0368,Stuttgart,Bonn,593.91,,mixed,medium,True,morning
RTE-0369,Münchengladbach,Leipzig,755.09,612.0,urban,high,False,afternoon
RTE-0370,Leipzig,Nuremberg,747.94,511.0,secondary,high,False,morning
RTE-0371,Dresden,Frankfurt,453.43,371.0,local,low,True,any
RTE-0372,Berlin,Mannheim,175.15,94.0,local,medium,False,afternoon
RTE-0373,Stuttgart,Bielefeld,409.79,395.0,secondary,low,True,any
RTE-0374,Bielefeld,Nuremberg,497.44,443.0,highway,medium,True,morning
RTE-0375,Leipzig,Munich,31.88,23.0,mixed,medium,False,morning
RTE-0376,Münchengladbach,Bonn,254.17,208.0,secondary,low,False,morning
RTE-0377,Hamburg,Münchengladbach,318.41,257.0,local,high,False,evening
RTE-0378,Leipzig,Nuremberg,531.8,525.0,urban,high,True,afternoon
RTE-0379,Frankfurt,Wuppertal,225.58,130.0,urban,medium,False,morning
RTE-0380,Dusseldorf,Münchengladbach,94.08,58.0,mixed,low,True,afternoon
RTE-0381,Bonn,Berlin,720.76,395.0,highway,high,True,morning
RTE-0382,Berlin,Augsburg,738.83,620.0,local,medium,False,any
RTE-0383,Mannheim,Dortmund,493.59,295.0,mixed,medium,False,afternoon
RTE-0384,Munster,Hannover,221.28,158.0,highway,high,True,morning
RTE-0385,Berlin,Bonn,245.82,219.0,secondary,medium,True,any
RTE-0386,Frankfurt,Dresden,14.45,12.0,urban,low,True,any
RTE-0387,Stuttgart,Hannover,172.47,100.0,mixed,high,True,evening
RTE-0388,Munster,Dusseldorf,665.25,417.0,mixed,high,False,any
RTE-0389,Munich,Münchengladbach,179.51,173.0,local,medium,True,afternoon
RTE-0390,Münchengladbach,Hamburg,439.88,403.0,secondary,high,False,evening
RTE-0391,Bonn,Karlsruhe,668.58,599.0,secondary,high,False,any
RTE-0392,Mannheim,Munster,637.1,345.0,local,high,False,afternoon
RTE-0393,Mannheim,Hamburg,312.95,267.0,unknown,low,True,morning
RTE-0394,Münchengladbach,Frankfurt,39.88,35.0,highway,low,True,any
RTE-0395,Augsburg,Hamburg,217.02,174.0,local,high,False,any
RTE-0396,Dortmund,Wuppertal,140.77,76.0,local,high,False,morning
RTE-0397,Mannheim,Nuremberg,101.11,81.0,highway,low,False,evening
RTE-0398,Munster,Cologne,356.52,,mixed,high,True,evening
RTE-0399,Berlin,Mannheim,386.36,203.0,highway,medium,False,morning
RTE-0400,Münchengladbach,Dusseldorf,622.03,449.0,local,medium,True,morning
RTE-0401,Münchengladbach,Berlin,441.0,281.0,urban,high,True,any
RTE-0402,Cologne,Stuttgart,446.57,326.0,local,high,False,afternoon
RTE-0403,Hannover,Nuremberg,300.06,217.0,mixed,medium,True,evening
RTE-0404,Frankfurt,Munich,509.24,306.0,urban,low,True,morning
RTE-0405,Munich,Cologne,716.17,635.0,local,low,False,morning
RTE-0406,Dresden,Munster,54.69,30.0,secondary,low,False,any
RTE-0407,Dortmund,Cologne,205.24,185.0,secondary,low,True,morning
RTE-0408,Dortmund,Münchengladbach,190.15,135.0,local,low,False,any
RTE-0409,Nuremberg,Stuttgart,318.78,272.0,local,medium,False,any
RTE-0410,Stuttgart,Wuppertal,699.32,518.0,urban,medium,True,morning
RTE-0411,Berlin,Hamburg,668.14,,urban,medium,False,any
RTE-0412,Munich,Dresden,384.96,248.0,urban,low,True,any
RTE-0413,Dresden,Leipzig,540.6,323.0,local,medium,False,evening
RTE-0414,Stuttgart,Münchengladbach,391.01,201.0,secondary,medium,True,any
RTE-0415,Dusseldorf,Munster,709.24,414.0,highway,low,True,evening
RTE-0416,Dresden,Karlsruhe,463.78,245.0,mixed,high,True,evening
RTE-0417,Leipzig,Munich,178.29,138.0,secondary,low,True,afternoon
RTE-0418,Hamburg,Dresden,393.61,248.0,highway,high,True,evening
RTE-0419,Hamburg,Mannheim,650.82,334.0,urban,medium,False,morning
RTE-0420,Munich,Frankfurt,719.09,389.0,local,medium,True,evening
RTE-0421,Wuppertal,Dortmund,198.36,106.0,local,medium,False,any
RTE-0422,Leipzig,Hamburg,393.7,218.0,urban,low,True,any
RTE-0423,Wuppertal,Münchengladbach,759.12,506.0,urban,medium,False,evening
RTE-0424,Dortmund,Munich,139.06,76.0,mixed,medium,False,evening
RTE-0425,Dresden,Münchengladbach,578.51,339.0,mixed,low,True,any
RTE-0426,Wuppertal,Münchengladbach,343.11,176.0,mixed,medium,True,morning
RTE-0427,Leipzig,Dusseldorf,541.69,381.0,urban,low,False,morning
RTE-0428,Bielefeld,Stuttgart,708.21,517.0,unknown,medium,True,evening
RTE-0429,Cologne,Wuppertal,518.06,310.0,mixed,medium,False,evening
RTE-0430,Münchengladbach,Nuremberg,693.56,350.0,mixed,medium,True,morning
RTE-0431,Hannover,Nuremberg,34.78,19.0,urban,medium,True,afternoon
RTE-0432,Bielefeld,Dortmund,14.12,12.0,secondary,medium,False,evening
RTE-0433,Cologne,Frankfurt,676.09,431.0,highway,medium,False,morning
RTE-0434,Dresden,Hamburg,95.2,93.0,urban,medium,False,any
RTE-0435,Dresden,Münchengladbach,64.11,39.0,secondary,low,False,any
RTE-0436,Nuremberg,Wuppertal,135.64,77.0,urban,high,True,morning
RTE-0437,Cologne,Augsburg,698.05,621.0,urban,medium,False,any
RTE-0438,Bonn,Hannover,610.56,,local,medium,False,morning
RTE-0439,Leipzig,Frankfurt,105.54,83.0,highway,medium,True,morning
RTE-0440,Cologne,Munich,100.48,66.0,unknown,medium,False,afternoon
RTE-0441,Wuppertal,Leipzig,755.0,610.0,urban,low,False,afternoon
RTE-0442,Dortmund,Nuremberg,114.68,97.0,highway,high,True,afternoon
RTE-0443,Wuppertal,Munich,270.2,152.0,secondary,medium,True,evening
RTE-0444,Stuttgart,Dortmund,385.13,284.0,mixed,low,False,morning
RTE-0445,Berlin,Dortmund,177.18,92.0,mixed,low,True,any
RTE-0446,Wuppertal,Bonn,497.97,261.0,urban,medium,True,any
RTE-0447,Stuttgart,Wuppertal,652.11,433.0,local,low,False,any
RTE-0448,Hannover,Nuremberg,645.29,414.0,highway,high,False,morning
RTE-0449,Hamburg,Nuremberg,349.98,,secondary,medium,False,morning
RTE-0450,Leipzig,Stuttgart,123.53,90.0,highway,high,False,afternoon
RTE-0451,Cologne,Bielefeld,165.21,100.0,highway,low,True,morning
RTE-0452,Leipzig,Hannover,733.87,683.0,highway,high,False,afternoon
RTE-0453,Stuttgart,Cologne,512.2,294.0,mixed,medium,False,any
RTE-0454,Hamburg,Bonn,570.08,492.0,local,low,True,morning
RTE-0455,Dortmund,Berlin,620.53,440.0,secondary,high,False,morning
RTE-0456,Dresden,Hannover,79.0,70.0,mixed,high,True,evening
RTE-0457,Dresden,Karlsruhe,698.54,550.0,local,low,False,any
RTE-0458,Dortmund,Hamburg,313.33,166.0,urban,high,False,any
RTE-0459,Augsburg,Wuppertal,615.93,404.0,mixed,low,False,morning
RTE-0460,Munich,Karlsruhe,193.66,105.0,local,low,False,evening
RTE-0461,Wuppertal,Münchengladbach,644.27,386.0,highway,low,True,morning
RTE-0462,Bielefeld,Augsburg,622.14,598.0,urban,medium,True,evening
RTE-0463,Hannover,Cologne,350.63,271.0,mixed,medium,False,any
RTE-0464,Hamburg,Dresden,343.96,236.0,urban,low,True,any
RTE-0465,Leipzig,Wuppertal,22.11,11.0,mixed,medium,True,any
RTE-0466,Munich,Bielefeld,736.3,558.0,urban,medium,True,afternoon
RTE-0467,Munich,Munster,512.88,265.0,mixed,low,True,evening
RTE-0468,Karlsruhe,Munich,753.19,625.0,highway,high,False,afternoon
RTE-0469,Berlin,Frankfurt,78.49,,highway,medium,True,evening
RTE-0470,Augsburg,Cologne,297.85,156.0,secondary,medium,False,evening
RTE-0471,Dortmund,Wuppertal,645.81,346.0,mixed,high,True,any
RTE-0472,Augsburg,Bonn,361.44,193.0,highway,high,True,evening
RTE-0473,Hannover,Mannheim,380.58,301.0,urban,high,True,morning
RTE-0474,Bonn,Karlsruhe,100.28,52.0,urban,medium,False,morning
RTE-0475,Cologne,Bonn,156.36,128.0,mixed,low,True,afternoon
RTE-0476,Dortmund,Cologne,105.45,75.0,local,high,False,any
RTE-0477,Hamburg,Dortmund,756.56,380.0,secondary,high,True,any
RTE-0478,Karlsruhe,Hamburg,180.61,93.0,urban,high,False,afternoon
RTE-0479,Cologne,Dortmund,224.17,157.0,urban,low,True,morning
RTE-0480,Munich,Frankfurt,169.04,115.0,mixed,high,True,morning
RTE-0481,Cologne,Bonn,788.34,681.0,urban,low,False,afternoon
RTE-0482,Hannover,Augsburg,722.52,688.0,highway,low,False,morning
RTE-0483,Augsburg,Bonn,130.03,91.0,highway,medium,False,any
RTE-0484,Karlsruhe,Munich,352.29,313.0,local,high,False,evening
RTE-0485,Dresden,Bielefeld,430.64,223.0,highway,low,True,morning
RTE-0486,Nuremberg,Wuppertal,592.29,585.0,mixed,low,False,afternoon
RTE-0487,Wuppertal,Dortmund,469.36,440.0,local,medium,False,evening
RTE-0488,Munster,Dusseldorf,54.43,44.0,highway,low,False,afternoon
RTE-0489,Wuppertal,Frankfurt,39.04,38.0,highway,medium,False,morning
RTE-0490,Augsburg,Mannheim,99.69,53.0,secondary,medium,True,evening
RTE-0491,Hannover,Hamburg,178.11,120.0,urban,high,False,any
RTE-0492,Augsburg,Bielefeld,722.07,481.0,local,high,True,any
RTE-0493,Wuppertal,Augsburg,713.11,654.0,unknown,medium,False,any
RTE-0494,Dortmund,Leipzig,132.43,,urban,low,True,morning
RTE-0495,Bonn,Hamburg,339.14,205.0,local,medium,False,morning
RTE-0496,Augsburg,Dusseldorf,441.99,407.0,mixed,high,False,morning
RTE-0497,Cologne,Frankfurt,609.23,478.0,urban,medium,False,morning
RTE-0498,Nuremberg,Bonn,778.94,,secondary,medium,True,morning
RTE-0499,Mannheim,Karlsruhe,753.26,477.0,highway,medium,False,morning
RTE-0500,Leipzig,Munster,305.94,187.0,mixed,high,False,evening
RTE-0501,Cologne,Leipzig,212.0,112.0,local,high,True,any
RTE-0502,Munster,Münchengladbach,63.83,35.0,mixed,medium,False,evening
RTE-0503,Stuttgart,Hamburg,232.14,120.0,local,medium,False,evening
RTE-0504,Munich,Dusseldorf,478.84,293.0,local,medium,False,any
RTE-0505,Cologne,Wuppertal,552.77,448.0,mixed,low,True,morning
RTE-0506,Munster,Hannover,69.32,52.0,mixed,low,True,evening
RTE-0507,Dortmund,Wuppertal,277.2,234.0,local,low,True,afternoon
RTE-0508,Munich,Leipzig,221.68,117.0,urban,high,True,any
RTE-0509,Dortmund,Bielefeld,246.24,219.0,urban,medium,False,any
RTE-0510,Nuremberg,Dusseldorf,515.22,271.0,local,high,True,any
RTE-0511,Wuppertal,Nuremberg,747.0,571.0,highway,low,True,any
RTE-0512,Dusseldorf,Bielefeld,695.65,573.0,local,high,True,afternoon
RTE-0513,Münchengladbach,Hamburg,291.93,282.0,secondary,low,True,evening
RTE-0514,Bonn,Munster,210.81,126.0,mixed,medium,False,morning
RTE-0515,Munster,Münchengladbach,222.66,206.0,mixed,high,False,evening
RTE-0516,Frankfurt,Dortmund,246.23,170.0,mixed,medium,True,any
RTE-0517,Berlin,Mannheim,674.87,413.0,local,low,True,morning
RTE-0518,Wuppertal,Stuttgart,347.57,241.0,highway,medium,True,evening
RTE-0519,Munich,Augsburg,243.84,136.0,highway,medium,True,afternoon
RTE-0520,Bonn,Mannheim,435.3,281.0,secondary,low,True,afternoon
RTE-0521,Münchengladbach,Frankfurt,211.35,113.0,mixed,medium,False,morning
RTE-0522,Stuttgart,Bielefeld,659.9,649.0,mixed,medium,True,evening
RTE-0523,Munster,Dortmund,773.6,389.0,mixed,medium,False,evening
RTE-0524,Karlsruhe,Berlin,744.71,430.0,secondary,medium,True,any
RTE-0525,Dortmund,Bielefeld,708.05,,secondary,medium,True,afternoon
RTE-0526,Berlin,Bielefeld,628.37,523.0,urban,medium,True,morning
RTE-0527,Hamburg,Nuremberg,537.04,287.0,urban,medium,True,morning
RTE-0528,Bielefeld,Münchengladbach,707.18,,secondary,medium,False,evening
RTE-0529,Munich,Nuremberg,405.45,328.0,urban,high,False,any
RTE-0530,Wuppertal,Dresden,43.14,,urban,high,False,afternoon
RTE-0531,Wuppertal,Stuttgart,123.58,62.0,mixed,medium,True,any
RTE-0532,Munich,Mannheim,676.67,507.0,urban,high,True,morning
RTE-0533,Mannheim,Bielefeld,242.65,155.0,secondary,medium,False,any
RTE-0534,Augsburg,Bonn,511.5,258.0,urban,high,True,evening
RTE-0535,Bielefeld,Augsburg,226.72,145.0,urban,medium,True,any
RTE-0536,Leipzig,Dusseldorf,608.25,415.0,local,medium,False,afternoon
RTE-0537,Hannover,Mannheim,645.28,613.0,urban,high,True,evening
RTE-0538,Frankfurt,Wuppertal,432.91,,secondary,medium,False,afternoon
RTE-0539,Dusseldorf,Hannover,685.63,,highway,high,True,morning
RTE-0540,Leipzig,Munich,691.16,453.0,local,medium,False,evening
RTE-0541,Mannheim,Dusseldorf,788.02,408.0,local,medium,True,evening
RTE-0542,Bonn,Münchengladbach,450.02,232.0,secondary,medium,True,morning
RTE-0543,Cologne,Bonn,395.72,325.0,local,low,False,afternoon
RTE-0544,Mannheim,Hannover,354.15,327.0,secondary,medium,False,any
RTE-0545,Munich,Cologne,511.48,332.0,local,medium,True,afternoon
RTE-0546,Munich,Munster,635.69,396.0,urban,medium,False,evening
RTE-0547,Hannover,Munich,96.38,72.0,highway,medium,False,afternoon
RTE-0548,Dusseldorf,Stuttgart,581.69,354.0,local,medium,True,afternoon
RTE-0549,Hamburg,Cologne,99.58,65.0,secondary,medium,True,afternoon
RTE-0550,Frankfurt,Mannheim,123.48,102.0,mixed,low,True,any
RTE-0551,Hamburg,Frankfurt,724.53,580.0,mixed,high,True,morning
RTE-0552,Hamburg,Dortmund,486.97,258.0,mixed,low,True,evening
RTE-0553,Dortmund,Berlin,549.58,,urban,medium,True,morning
RTE-0554,Hamburg,Berlin,482.82,379.0,secondary,medium,True,afternoon
RTE-0555,Frankfurt,Stuttgart,755.66,542.0,urban,low,True,any
RTE-0556,Dusseldorf,Berlin,185.68,101.0,secondary,low,False,afternoon
RTE-0557,Bonn,Dusseldorf,378.82,304.0,local,medium,True,afternoon
RTE-0558,Bielefeld,Hamburg,451.28,254.0,highway,high,True,any
RTE-0559,Hamburg,Frankfurt,607.73,379.0,secondary,medium,True,any
RTE-0560,Mannheim,Berlin,499.51,288.0,highway,medium,False,afternoon
RTE-0561,Munster,Karlsruhe,365.66,281.0,local,low,False,any
RTE-0562,Berlin,Bonn,382.99,228.0,urban,low,False,any
RTE-0563,Nuremberg,Bielefeld,753.52,538.0,highway,low,False,evening
RTE-0564,Bonn,Hannover,74.16,40.0,urban,low,True,any
RTE-0565,Bielefeld,Frankfurt,355.62,279.0,mixed,high,False,evening
RTE-0566,Leipzig,Nuremberg,273.74,187.0,urban,medium,True,evening
RTE-0567,Munster,Munich,80.9,55.0,highway,low,True,afternoon
RTE-0568,Munich,Leipzig,489.52,425.0,mixed,low,False,afternoon
RTE-0569,Bielefeld,Munich,401.33,313.0,mixed,high,True,any
RTE-0570,Frankfurt,Dresden,400.9,310.0,local,high,False,morning
RTE-0571,Cologne,Karlsruhe,30.63,17.0,urban,medium,False,morning
RTE-0572,Leipzig,Cologne,185.14,101.0,urban,high,True,evening
RTE-0573,Mannheim,Munster,497.86,347.0,local,medium,False,morning
RTE-0574,Wuppertal,Mannheim,620.75,538.0,highway,low,False,afternoon
RTE-0575,Augsburg,Berlin,564.1,430.0,secondary,medium,True,afternoon
RTE-0576,Hamburg,Cologne,794.88,429.0,secondary,medium,False,any
RTE-0577,Hamburg,Münchengladbach,241.37,143.0,secondary,medium,True,any
RTE-0578,Nuremberg,Wuppertal,714.03,436.0,mixed,low,False,afternoon
RTE-0579,Cologne,Frankfurt,288.89,243.0,secondary,medium,True,evening
RTE-0580,Leipzig,Bielefeld,80.41,40.0,local,medium,False,afternoon
RTE-0581,Hannover,Nuremberg,47.63,41.0,secondary,medium,True,afternoon
RTE-0582,Bielefeld,Munster,151.29,,mixed,low,False,any
RTE-0583,Hamburg,Cologne,609.82,431.0,urban,medium,False,any
RTE-0584,Augsburg,Bielefeld,504.99,404.0,secondary,medium,True,morning
RTE-0585,Leipzig,Frankfurt,226.27,182.0,local,medium,False,afternoon
RTE-0586,Dusseldorf,Wuppertal,373.87,274.0,local,low,True,morning
RTE-0587,Dusseldorf,Frankfurt,521.51,,highway,low,True,evening
RTE-0588,Berlin,Stuttgart,657.85,363.0,mixed,high,True,afternoon
RTE-0589,Karlsruhe,Hamburg,600.29,322.0,highway,high,False,afternoon
RTE-0590,Münchengladbach,Stuttgart,480.47,241.0,mixed,low,False,any
RTE-0591,Frankfurt,Stuttgart,603.72,332.0,urban,medium,False,evening
RTE-0592,Munich,Munster,418.25,406.0,secondary,medium,True,evening
RTE-0593,Berlin,Dresden,12.38,8.0,mixed,medium,False,morning
RTE-0594,Leipzig,Hannover,687.23,569.0,urban,medium,True,afternoon
RTE-0595,Nuremberg,Münchengladbach,269.81,210.0,mixed,high,True,evening
RTE-0596,Frankfurt,Dusseldorf,661.23,417.0,local,low,False,evening
RTE-0597,Nuremberg,Munster,602.98,407.0,urban,high,False,morning
RTE-0598,Karlsruhe,Mannheim,235.7,207.0,mixed,low,True,morning
RTE-0599,Leipzig,Münchengladbach,790.19,407.0,local,medium,True,morning
RTE-0600,Munster,Berlin,334.05,186.0,unknown,medium,False,any
RTE-0601,Stuttgart,Cologne,275.1,169.0,secondary,medium,True,morning
RTE-0602,Dusseldorf,Stuttgart,436.47,,secondary,medium,False,afternoon
RTE-0603,Mannheim,Leipzig,321.77,303.0,secondary,high,True,any
RTE-0604,Karlsruhe,Mannheim,348.24,241.0,local,high,False,afternoon
RTE-0605,Münchengladbach,Cologne,245.72,134.0,local,medium,False,evening
RTE-0606,Mannheim,Nuremberg,737.54,562.0,local,medium,False,evening
RTE-0607,Hamburg,Hannover,157.88,84.0,secondary,high,False,afternoon
RTE-0608,Munich,Münchengladbach,269.63,,secondary,medium,True,morning
RTE-0609,Augsburg,Dusseldorf,518.72,310.0,local,high,True,any
RTE-0610,Hamburg,Bielefeld,518.64,277.0,urban,medium,False,afternoon
RTE-0611,Mannheim,Dortmund,259.75,150.0,secondary,low,False,any
RTE-0612,Dresden,Stuttgart,191.0,122.0,urban,medium,False,afternoon
RTE-0613,Leipzig,Stuttgart,500.26,287.0,urban,high,False,afternoon
RTE-0614,Hamburg,Munich,693.48,566.0,local,high,False,any
RTE-0615,Frankfurt,Berlin,577.02,570.0,urban,medium,True,any
RTE-0616,Cologne,Frankfurt,350.96,271.0,secondary,medium,False,afternoon
RTE-0617,Wuppertal,Dortmund,124.7,76.0,local,low,False,morning
RTE-0618,Munich,Karlsruhe,116.12,89.0,local,low,False,afternoon
RTE-0619,Hamburg,Münchengladbach,193.83,133.0,urban,low,True,morning
RTE-0620,Mannheim,Dusseldorf,611.77,338.0,secondary,high,False,evening
RTE-0621,Munich,Wuppertal,139.39,99.0,mixed,low,False,any
RTE-0622,Cologne,Munster,153.91,100.0,urban,high,False,morning
RTE-0623,Frankfurt,Stuttgart,705.94,480.0,local,high,False,morning
RTE-0624,Munster,Augsburg,300.49,165.0,local,high,False,evening
RTE-0625,Dresden,Hamburg,161.27,85.0,mixed,medium,True,evening
RTE-0626,Nuremberg,Münchengladbach,598.0,400.0,secondary,low,True,evening
RTE-0627,Augsburg,Bielefeld,540.57,417.0,local,high,True,afternoon
RTE-0628,Stuttgart,Leipzig,44.43,44.0,local,medium,True,afternoon
RTE-0629,Munich,Hannover,103.33,79.0,mixed,medium,False,afternoon
RTE-0630,Cologne,Bielefeld,552.71,489.0,highway,low,False,afternoon
RTE-0631,Frankfurt,Bonn,769.98,601.0,mixed,medium,True,morning
RTE-0632,Wuppertal,Bonn,327.97,176.0,local,medium,False,morning
RTE-0633,Munster,Augsburg,652.72,,highway,low,False,any
RTE-0634,Dortmund,Münchengladbach,205.39,106.0,local,medium,False,evening
RTE-0635,Hannover,Cologne,269.13,164.0,local,medium,True,any
RTE-0636,Dusseldorf,Bonn,99.81,78.0,secondary,high,False,evening
RTE-0637,Stuttgart,Nuremberg,631.46,479.0,mixed,high,True,morning
RTE-0638,Hannover,Dresden,210.27,122.0,local,medium,False,evening
RTE-0639,Nuremberg,Mannheim,647.87,447.0,local,high,False,any
RTE-0640,Leipzig,Hannover,164.27,144.0,mixed,medium,False,any
RTE-0641,Munich,Hamburg,438.0,375.0,mixed,medium,False,any
RTE-0642,Dortmund,Wuppertal,726.39,478.0,local,high,True,morning
RTE-0643,Leipzig,Bonn,360.09,244.0,local,medium,False,morning
RTE-0644,Leipzig,Hamburg,629.93,433.0,highway,high,True,evening
RTE-0645,Nuremberg,Augsburg,729.36,508.0,urban,medium,True,evening
RTE-0646,Dusseldorf,Cologne,537.75,442.0,local,low,False,evening
RTE-0647,Munster,Augsburg,277.14,163.0,local,low,False,any
RTE-0648,Dusseldorf,Dortmund,211.57,118.0,mixed,medium,True,evening
RTE-0649,Münchengladbach,Cologne,116.86,84.0,local,medium,False,afternoon
RTE-0650,Augsburg,Hamburg,257.88,201.0,secondary,medium,True,afternoon
RTE-0651,Nuremberg,Mannheim,671.34,379.0,urban,low,True,morning
RTE-0652,Leipzig,Karlsruhe,478.4,266.0,highway,medium,False,evening
RTE-0653,Karlsruhe,Hamburg,595.86,415.0,urban,medium,True,afternoon
RTE-0654,Dresden,Münchengladbach,584.1,423.0,mixed,medium,True,any
RTE-0655,Dortmund,Stuttgart,199.7,99.0,local,medium,True,afternoon
RTE-0656,Bonn,Dusseldorf,436.27,270.0,secondary,medium,True,morning
RTE-0657,Nuremberg,Dortmund,422.91,272.0,secondary,low,True,morning
RTE-0658,Munich,Leipzig,782.83,618.0,local,high,False,morning
RTE-0659,Wuppertal,Mannheim,306.5,211.0,local,low,False,any
RTE-0660,Bielefeld,Hannover,532.14,467.0,local,high,True,evening
RTE-0661,Munich,Dusseldorf,312.5,,secondary,low,True,evening
RTE-0662,Hannover,Bielefeld,569.45,521.0,urban,low,True,any
RTE-0663,Hannover,Hamburg,293.49,284.0,mixed,low,False,afternoon
RTE-0664,Berlin,Wuppertal,617.32,412.0,highway,low,True,afternoon
RTE-0665,Dortmund,Wuppertal,706.37,516.0,local,medium,False,morning
RTE-0666,Stuttgart,Nuremberg,104.09,53.0,urban,high,True,evening
RTE-0667,Hannover,Leipzig,694.07,667.0,highway,medium,True,morning
RTE-0668,Karlsruhe,Frankfurt,611.59,428.0,urban,medium,True,evening
RTE-0669,Karlsruhe,Munster,492.47,294.0,mixed,high,False,evening
RTE-0670,Munster,Münchengladbach,513.68,339.0,secondary,high,False,afternoon
RTE-0671,Bonn,Munich,339.74,331.0,mixed,low,True,morning
RTE-0672,Nuremberg,Cologne,469.48,269.0,highway,medium,True,afternoon
RTE-0673,Bonn,Karlsruhe,587.96,350.0,highway,medium,True,morning
RTE-0674,Nuremberg,Munster,102.91,102.0,mixed,low,False,any
RTE-0675,Dresden,Augsburg,508.73,,urban,medium,True,any
RTE-0676,Berlin,Hamburg,54.89,38.0,highway,low,False,morning
RTE-0677,Karlsruhe,Stuttgart,280.11,164.0,mixed,high,True,evening
RTE-0678,Frankfurt,Stuttgart,318.87,,urban,medium,True,morning
RTE-0679,Hamburg,Frankfurt,133.9,71.0,mixed,low,False,evening
RTE-0680,Bielefeld,Mannheim,286.29,238.0,urban,high,False,morning
RTE-0681,Augsburg,Münchengladbach,471.24,380.0,highway,high,True,afternoon
RTE-0682,Mannheim,Munster,546.63,477.0,urban,low,False,morning
RTE-0683,Mannheim,Bielefeld,698.77,492.0,mixed,high,False,evening
RTE-0684,Leipzig,Hannover,777.08,,local,low,False,evening
RTE-0685,Munster,Stuttgart,195.29,149.0,local,low,False,evening
RTE-0686,Bielefeld,Hannover,762.57,,secondary,high,True,afternoon
RTE-0687,Augsburg,Mannheim,194.12,106.0,urban,medium,False,evening
RTE-0688,Wuppertal,Münchengladbach,527.12,307.0,secondary,medium,False,any
RTE-0689,Hannover,Leipzig,603.36,477.0,secondary,medium,False,afternoon
RTE-0690,Frankfurt,Bonn,617.77,399.0,urban,low,False,evening
RTE-0691,Bonn,Dresden,696.9,411.0,secondary,low,True,afternoon
RTE-0692,Berlin,Bonn,218.2,197.0,local,medium,True,morning
RTE-0693,Karlsruhe,Cologne,177.01,,highway,high,False,any
RTE-0694,Frankfurt,Munich,707.77,367.0,unknown,high,True,afternoon
RTE-0695,Mannheim,Munich,301.7,216.0,local,low,True,evening
RTE-0696,Cologne,Leipzig,789.47,765.0,mixed,high,False,any
RTE-0697,Augsburg,Wuppertal,727.84,,highway,medium,False,morning
RTE-0698,Bonn,Hannover,768.19,391.0,mixed,high,False,morning
RTE-0699,Bielefeld,Nuremberg,780.79,521.0,secondary,high,True,any
RTE-0700,Hannover,Dusseldorf,52.12,51.0,urban,high,True,evening
RTE-0701,Münchengladbach,Stuttgart,628.31,534.0,mixed,low,False,morning
RTE-0702,Dresden,Hamburg,129.77,68.0,local,high,True,evening
RTE-0703,Augsburg,Dusseldorf,288.84,196.0,local,high,False,any
RTE-0704,Hannover,Berlin,481.62,259.0,local,medium,True,evening
RTE-0705,Dresden,Augsburg,645.48,509.0,local,high,True,afternoon
RTE-0706,Leipzig,Karlsruhe,75.66,40.0,urban,low,True,any
RTE-0707,Hamburg,Munich,209.38,107.0,secondary,medium,True,afternoon
RTE-0708,Augsburg,Münchengladbach,477.66,336.0,secondary,high,True,afternoon
RTE-0709,Munich,Bonn,568.84,501.0,urban,medium,True,afternoon
RTE-0710,Mannheim,Hannover,354.15,178.0,mixed,high,False,afternoon
RTE-0711,Stuttgart,Mannheim,791.14,490.0,urban,low,False,evening
RTE-0712,Mannheim,Hamburg,215.19,213.0,secondary,low,False,morning
RTE-0713,Karlsruhe,Dresden,399.75,256.0,urban,medium,False,afternoon
RTE-0714,Karlsruhe,Dortmund,53.52,35.0,mixed,medium,True,afternoon
RTE-0715,Frankfurt,Hannover,23.27,11.0,highway,medium,False,evening
RTE-0716,Leipzig,Frankfurt,550.74,384.0,highway,high,True,afternoon
RTE-0717,Leipzig,Munich,118.1,117.0,urban,high,False,evening
RTE-0718,Karlsruhe,Stuttgart,402.13,397.0,highway,high,False,evening
RTE-0719,Hamburg,Karlsruhe,268.31,250.0,secondary,low,True,afternoon
RTE-0720,Munich,Bonn,490.73,278.0,secondary,high,False,afternoon
RTE-0721,Bielefeld,Munster,763.99,388.0,highway,high,False,morning
RTE-0722,Hamburg,Stuttgart,476.4,435.0,highway,medium,True,morning
RTE-0723,Dusseldorf,Münchengladbach,53.21,29.0,local,low,False,afternoon
RTE-0724,Munster,Nuremberg,389.93,303.0,mixed,low,True,morning
RTE-0725,Münchengladbach,Dortmund,442.12,439.0,highway,high,True,evening
RTE-0726,Dusseldorf,Dresden,737.2,370.0,local,low,False,afternoon
RTE-0727,Münchengladbach,Cologne,452.29,287.0,mixed,medium,False,evening
RTE-0728,Munich,Bielefeld,793.14,562.0,mixed,medium,False,afternoon
RTE-0729,Bonn,Berlin,593.09,468.0,local,medium,True,evening
RTE-0730,Mannheim,Nuremberg,589.71,336.0,mixed,low,True,any
RTE-0731,Munster,Nuremberg,79.32,43.0,local,high,False,afternoon
RTE-0732,Cologne,Dortmund,283.31,153.0,unknown,low,True,afternoon
RTE-0733,Dusseldorf,Frankfurt,491.39,405.0,local,medium,True,morning
RTE-0734,Münchengladbach,Hannover,248.02,146.0,secondary,low,False,afternoon
RTE-0735,Stuttgart,Wuppertal,238.87,236.0,highway,high,True,evening
RTE-0736,Dusseldorf,Stuttgart,342.51,172.0,unknown,low,True,evening
RTE-0737,Frankfurt,Augsburg,683.17,631.0,mixed,low,False,morning
RTE-0738,Dortmund,Hannover,12.85,7.0,urban,medium,False,any
RTE-0739,Mannheim,Munich,281.19,232.0,local,medium,True,morning
RTE-0740,Munster,Leipzig,710.93,550.0,secondary,high,True,afternoon
RTE-0741,Stuttgart,Hamburg,583.17,520.0,highway,high,False,morning
RTE-0742,Bonn,Dortmund,302.65,281.0,secondary,medium,True,any
RTE-0743,Frankfurt,Bonn,788.35,425.0,local,medium,False,morning
RTE-0744,Wuppertal,Dortmund,628.26,318.0,highway,medium,True,evening
RTE-0745,Mannheim,Dusseldorf,717.92,395.0,local,medium,True,morning
RTE-0746,Karlsruhe,Dusseldorf,274.98,184.0,secondary,high,False,afternoon
RTE-0747,Dortmund,Bonn,652.39,488.0,highway,high,True,morning
RTE-0748,Hamburg,Stuttgart,747.09,398.0,local,medium,False,morning
RTE-0749,Karlsruhe,Mannheim,71.99,44.0,urban,high,False,afternoon
RTE-0750,Bonn,Karlsruhe,563.91,315.0,highway,medium,False,any
RTE-0751,Münchengladbach,Augsburg,538.77,494.0,local,high,False,evening
RTE-0752,Augsburg,Hannover,154.09,96.0,mixed,medium,False,any
RTE-0753,Berlin,Hamburg,659.55,346.0,mixed,medium,False,any
RTE-0754,Dusseldorf,Dresden,797.5,562.0,mixed,medium,False,evening
RTE-0755,Hannover,Hamburg,210.74,120.0,highway,high,True,afternoon
RTE-0756,Dusseldorf,Cologne,385.05,320.0,unknown,medium,True,any
RTE-0757,Karlsruhe,Munster,348.03,195.0,mixed,low,False,evening
RTE-0758,Dortmund,Dresden,421.13,213.0,highway,medium,False,evening
RTE-0759,Dusseldorf,Münchengladbach,532.8,381.0,mixed,low,False,morning
RTE-0760,Augsburg,Munster,104.89,64.0,secondary,medium,False,any
RTE-0761,Nuremberg,Hannover,175.98,130.0,local,low,False,afternoon
RTE-0762,Hannover,Wuppertal,420.99,315.0,local,low,False,evening
RTE-0763,Hannover,Nuremberg,96.58,48.0,urban,medium,True,morning
RTE-0764,Leipzig,Hannover,318.6,162.0,highway,medium,True,evening
RTE-0765,Nuremberg,Hannover,259.68,161.0,local,low,True,evening
RTE-0766,Augsburg,Berlin,341.27,291.0,local,medium,True,morning
RTE-0767,Hannover,Cologne,344.73,307.0,urban,medium,False,afternoon
RTE-0768,Cologne,Bielefeld,709.95,457.0,highway,medium,True,morning
RTE-0769,Munich,Hannover,725.41,429.0,local,high,False,morning
RTE-0770,Dusseldorf,Munster,104.42,,local,medium,True,evening
RTE-0771,Karlsruhe,Augsburg,578.71,509.0,highway,high,False,any
RTE-0772,Augsburg,Dresden,438.43,347.0,highway,low,True,morning
RTE-0773,Dresden,Münchengladbach,386.0,236.0,highway,medium,True,morning
RTE-0774,Dortmund,Cologne,15.71,14.0,urban,medium,False,evening
RTE-0775,Bonn,Dresden,242.3,178.0,highway,high,True,evening
RTE-0776,Munster,Mannheim,489.15,357.0,secondary,medium,True,afternoon
RTE-0777,Munster,Dortmund,162.22,137.0,local,low,True,morning
RTE-0778,Stuttgart,Munich,456.81,323.0,urban,low,True,morning
RTE-0779,Frankfurt,Dusseldorf,394.06,380.0,local,high,False,evening
RTE-0780,Wuppertal,Munich,70.15,44.0,local,high,True,any
RTE-0781,Karlsruhe,Mannheim,286.38,180.0,highway,low,False,afternoon
RTE-0782,Berlin,Augsburg,584.39,373.0,secondary,medium,False,morning
RTE-0783,Karlsruhe,Stuttgart,168.54,126.0,secondary,medium,False,afternoon
RTE-0784,Leipzig,Bonn,402.28,228.0,mixed,low,True,any
RTE-0785,Munich,Hamburg,635.78,557.0,highway,low,True,afternoon
RTE-0786,Augsburg,Munster,408.21,236.0,local,medium,False,evening
RTE-0787,Wuppertal,Münchengladbach,236.24,,secondary,medium,False,afternoon
RTE-0788,Frankfurt,Dresden,275.77,161.0,urban,low,False,morning
RTE-0789,Dresden,Hamburg,115.8,107.0,highway,low,False,any
RTE-0790,Dresden,Frankfurt,432.72,245.0,mixed,medium,False,evening
RTE-0791,Munster,Wuppertal,649.57,336.0,local,medium,False,evening
RTE-0792,Münchengladbach,Hannover,384.91,242.0,local,low,False,evening
RTE-0793,Mannheim,Cologne,778.92,433.0,local,low,True,any
RTE-0794,Dusseldorf,Bonn,615.0,338.0,highway,low,False,morning
RTE-0795,Dortmund,Bielefeld,710.96,541.0,secondary,medium,True,morning
RTE-0796,Munich,Stuttgart,144.69,86.0,mixed,low,False,any
RTE-0797,Hamburg,Dresden,477.72,284.0,mixed,high,False,evening
RTE-0798,Dresden,Augsburg,126.04,68.0,secondary,low,False,evening
RTE-0799,Munich,Hannover,398.05,237.0,highway,medium,False,morning
RTE-0800,Stuttgart,Karlsruhe,593.51,,mixed,medium,False,afternoon
RTE-0801,Munich,Dresden,116.55,102.0,highway,medium,True,afternoon
RTE-0802,Berlin,Bielefeld,308.49,228.0,urban,medium,False,afternoon
RTE-0803,Hamburg,Stuttgart,594.1,,highway,medium,True,afternoon
RTE-0804,Dresden,Cologne,292.13,240.0,mixed,high,False,morning
RTE-0805,Wuppertal,Munich,773.72,701.0,secondary,medium,True,morning
RTE-0806,Hannover,Bielefeld,755.75,,highway,medium,True,evening
RTE-0807,Stuttgart,Augsburg,16.86,8.0,highway,high,True,any
RTE-0808,Dresden,Dusseldorf,163.81,103.0,local,low,True,afternoon
RTE-0809,Munich,Hannover,139.21,83.0,mixed,low,True,evening
RTE-0810,Karlsruhe,Cologne,371.92,299.0,unknown,low,False,evening
RTE-0811,Munich,Mannheim,216.95,153.0,secondary,medium,True,any
RTE-0812,Munster,Münchengladbach,379.98,330.0,secondary,medium,True,afternoon
RTE-0813,Bielefeld,Hamburg,501.7,264.0,highway,low,False,morning
RTE-0814,Hamburg,Hannover,610.16,346.0,urban,low,True,any
RTE-0815,Hannover,Dortmund,85.25,71.0,secondary,medium,True,afternoon
RTE-0816,Munich,Münchengladbach,212.01,128.0,mixed,low,False,morning
RTE-0817,Cologne,Münchengladbach,549.37,,urban,medium,False,any
RTE-0818,Munster,Mannheim,716.3,637.0,urban,medium,True,morning
RTE-0819,Mannheim,Munster,578.23,496.0,secondary,high,True,any
RTE-0820,Frankfurt,Bonn,199.17,117.0,mixed,medium,False,evening
RTE-0821,Munster,Bonn,780.38,445.0,secondary,low,False,morning
RTE-0822,Bielefeld,Dusseldorf,218.68,151.0,local,high,True,morning
RTE-0823,Augsburg,Hannover,77.8,75.0,secondary,high,True,afternoon
RTE-0824,Munich,Münchengladbach,401.21,,mixed,high,True,morning
RTE-0825,Munich,Bielefeld,519.06,318.0,local,medium,True,any
RTE-0826,Dresden,Berlin,799.35,625.0,mixed,low,True,morning
RTE-0827,Dresden,Cologne,592.02,318.0,local,high,False,afternoon
RTE-0828,Wuppertal,Nuremberg,709.97,393.0,mixed,low,False,afternoon
RTE-0829,Hannover,Dresden,145.75,82.0,secondary,medium,True,evening
RTE-0830,Mannheim,Dresden,93.38,62.0,urban,medium,True,any
RTE-0831,Stuttgart,Berlin,22.23,17.0,urban,high,True,any
RTE-0832,Dresden,Augsburg,210.56,122.0,mixed,high,True,morning
RTE-0833,Berlin,Munich,255.79,234.0,mixed,medium,False,evening
RTE-0834,Cologne,Frankfurt,740.43,687.0,secondary,medium,False,any
RTE-0835,Münchengladbach,Dusseldorf,147.93,103.0,urban,medium,True,evening
RTE-0836,Frankfurt,Wuppertal,214.7,201.0,secondary,high,False,afternoon
RTE-0837,Augsburg,Stuttgart,207.81,162.0,local,low,True,evening
RTE-0838,Leipzig,Cologne,218.53,186.0,mixed,high,False,afternoon
RTE-0839,Hannover,Mannheim,465.32,286.0,secondary,high,False,morning
RTE-0840,Stuttgart,Hamburg,455.17,319.0,local,medium,False,afternoon
RTE-0841,Münchengladbach,Mannheim,256.07,135.0,local,medium,False,any
RTE-0842,Augsburg,Bielefeld,696.42,408.0,mixed,medium,False,morning
RTE-0843,Cologne,Leipzig,58.77,50.0,local,low,True,evening
RTE-0844,Berlin,Mannheim,509.43,372.0,local,high,False,evening
RTE-0845,Leipzig,Dusseldorf,188.71,122.0,urban,low,False,morning
RTE-0846,Stuttgart,Munich,523.91,406.0,highway,medium,False,morning
RTE-0847,Dortmund,Dusseldorf,358.33,265.0,highway,medium,True,any
RTE-0848,Münchengladbach,Munster,494.18,,highway,high,False,evening
RTE-0849,Munich,Leipzig,492.82,368.0,highway,low,True,morning
RTE-0850,Augsburg,Dresden,509.31,281.0,secondary,high,False,evening
RTE-0851,Hamburg,Münchengladbach,222.88,184.0,highway,low,False,evening
RTE-0852,Munich,Munster,304.91,243.0,secondary,high,True,morning
RTE-0853,Frankfurt,Wuppertal,139.18,86.0,local,low,False,morning
RTE-0854,Dresden,Cologne,425.83,425.0,local,medium,False,any
RTE-0855,Stuttgart,Bielefeld,794.01,481.0,highway,low,False,afternoon
RTE-0856,Dusseldorf,Karlsruhe,246.91,157.0,local,low,True,afternoon
RTE-0857,Dresden,Mannheim,409.78,,secondary,high,False,afternoon
RTE-0858,Frankfurt,Cologne,249.0,135.0,highway,high,False,any
RTE-0859,Augsburg,Hannover,719.45,451.0,local,high,True,any
RTE-0860,Berlin,Augsburg,607.02,366.0,secondary,low,False,afternoon
RTE-0861,Dresden,Munich,465.51,318.0,highway,low,False,evening
RTE-0862,Hamburg,Dusseldorf,65.12,55.0,urban,medium,False,morning
RTE-0863,Wuppertal,Bielefeld,457.59,444.0,local,high,True,morning
RTE-0864,Frankfurt,Bielefeld,522.69,467.0,urban,low,True,morning
RTE-0865,Wuppertal,Stuttgart,478.07,362.0,highway,high,True,any
RTE-0866,Frankfurt,Dusseldorf,106.02,92.0,secondary,low,True,morning
RTE-0867,Hannover,Munich,763.3,444.0,mixed,low,True,any
RTE-0868,Dortmund,Karlsruhe,25.78,19.0,secondary,high,False,afternoon
RTE-0869,Frankfurt,Hannover,415.42,240.0,mixed,medium,False,morning
RTE-0870,Dresden,Leipzig,498.46,336.0,mixed,high,False,morning
RTE-0871,Hamburg,Bonn,698.36,428.0,highway,medium,True,evening
RTE-0872,Dusseldorf,Mannheim,740.22,466.0,secondary,high,False,morning
RTE-0873,Hannover,Berlin,126.82,86.0,secondary,low,True,morning
RTE-0874,Frankfurt,Bielefeld,290.31,235.0,local,medium,True,any
RTE-0875,Dresden,Hannover,240.55,150.0,local,medium,True,afternoon
RTE-0876,Stuttgart,Dresden,371.98,294.0,highway,medium,False,any
RTE-0877,Berlin,Hannover,745.82,,urban,medium,True,morning
RTE-0878,Karlsruhe,Bonn,703.51,678.0,secondary,low,False,evening
RTE-0879,Dortmund,Wuppertal,81.17,43.0,secondary,medium,True,any
RTE-0880,Dortmund,Augsburg,497.12,282.0,mixed,low,False,any
RTE-0881,Karlsruhe,Mannheim,434.55,321.0,unknown,medium,False,morning
RTE-0882,Hamburg,Augsburg,304.08,263.0,secondary,high,True,evening
RTE-0883,Hamburg,Leipzig,544.01,279.0,urban,medium,True,evening
RTE-0884,Hannover,Bonn,199.26,191.0,secondary,medium,False,any
RTE-0885,Munich,Cologne,717.7,686.0,secondary,medium,True,afternoon
RTE-0886,Dresden,Bielefeld,345.09,294.0,urban,high,False,afternoon
RTE-0887,Munster,Leipzig,542.4,336.0,secondary,medium,True,any
RTE-0888,Cologne,Nuremberg,562.95,320.0,urban,high,False,morning
RTE-0889,Münchengladbach,Frankfurt,437.23,387.0,highway,medium,True,morning
RTE-0890,Wuppertal,Hamburg,25.24,13.0,highway,medium,False,evening
RTE-0891,Cologne,Hamburg,144.24,114.0,urban,medium,True,evening
RTE-0892,Nuremberg,Munster,124.19,63.0,mixed,medium,True,evening
RTE-0893,Cologne,Dusseldorf,425.83,221.0,secondary,medium,False,evening
RTE-0894,Hannover,Wuppertal,158.78,124.0,secondary,low,False,evening
RTE-0895,Nuremberg,Frankfurt,135.01,83.0,urban,high,True,evening
RTE-0896,Leipzig,Cologne,570.8,408.0,secondary,low,False,any
RTE-0897,Hannover,Dresden,587.85,332.0,mixed,medium,True,morning
RTE-0898,Dresden,Karlsruhe,307.77,180.0,mixed,medium,True,any
RTE-0899,Stuttgart,Münchengladbach,151.96,83.0,local,high,False,afternoon
RTE-0900,Karlsruhe,Mannheim,589.28,433.0,secondary,high,False,morning
RTE-0901,Nuremberg,Cologne,495.66,313.0,mixed,high,True,evening
RTE-0902,Munster,Stuttgart,260.44,236.0,secondary,medium,False,any
RTE-0903,Munster,Berlin,580.45,570.0,unknown,high,True,afternoon
RTE-0904,Cologne,Bielefeld,408.15,342.0,urban,high,False,any
RTE-0905,Munster,Bonn,675.89,580.0,local,high,True,afternoon
RTE-0906,Stuttgart,Cologne,100.04,52.0,local,medium,False,any
RTE-0907,Munich,Dresden,588.96,580.0,highway,high,True,morning
RTE-0908,Frankfurt,Hannover,525.79,279.0,highway,medium,True,evening
RTE-0909,Hannover,Augsburg,745.23,653.0,secondary,low,False,any
RTE-0910,Karlsruhe,Frankfurt,220.72,110.0,highway,low,False,afternoon
RTE-0911,Münchengladbach,Nuremberg,440.95,339.0,highway,medium,True,afternoon
RTE-0912,Bonn,Münchengladbach,343.81,185.0,local,medium,True,morning
RTE-0913,Bielefeld,Münchengladbach,82.17,50.0,local,high,True,evening
RTE-0914,Wuppertal,Frankfurt,493.54,300.0,urban,high,False,afternoon
RTE-0915,Dresden,Bielefeld,225.34,140.0,mixed,medium,False,morning
RTE-0916,Cologne,Hannover,112.05,63.0,secondary,high,False,any
RTE-0917,Stuttgart,Munster,479.13,303.0,local,low,False,afternoon
RTE-0918,Stuttgart,Frankfurt,35.36,20.0,secondary,medium,True,any
RTE-0919,Münchengladbach,Cologne,146.18,74.0,urban,medium,False,any
RTE-0920,Nuremberg,Bielefeld,170.5,120.0,mixed,medium,False,evening
RTE-0921,Munich,Hamburg,95.33,64.0,local,low,False,morning
RTE-0922,Dusseldorf,Augsburg,229.4,132.0,urban,medium,False,evening
RTE-0923,Dresden,Augsburg,601.03,519.0,secondary,medium,True,afternoon
RTE-0924,Leipzig,Münchengladbach,81.9,47.0,mixed,medium,True,any
RTE-0925,Dortmund,Hamburg,438.68,293.0,urban,high,False,afternoon
RTE-0926,Cologne,Dortmund,638.45,433.0,urban,high,True,afternoon
RTE-0927,Cologne,Mannheim,435.2,288.0,highway,medium,False,any
RTE-0928,Frankfurt,Dortmund,563.03,,highway,medium,True,afternoon
RTE-0929,Mannheim,Stuttgart,667.61,338.0,mixed,medium,False,afternoon
RTE-0930,Mannheim,Hannover,742.54,405.0,secondary,medium,False,any
RTE-0931,Leipzig,Hannover,86.28,47.0,highway,medium,False,evening
RTE-0932,Stuttgart,Hannover,87.93,78.0,highway,high,True,evening
RTE-0933,Dortmund,Mannheim,101.82,59.0,local,high,True,afternoon
RTE-0934,Leipzig,Stuttgart,126.1,70.0,secondary,medium,True,afternoon
RTE-0935,Bonn,Münchengladbach,372.26,354.0,urban,high,False,afternoon
RTE-0936,Wuppertal,Münchengladbach,606.92,309.0,local,medium,True,evening
RTE-0937,Frankfurt,Munster,370.72,367.0,local,low,True,afternoon
RTE-0938,Münchengladbach,Cologne,680.68,400.0,secondary,medium,True,afternoon
RTE-0939,Hamburg,Munich,161.89,93.0,secondary,medium,False,morning
RTE-0940,Munich,Dortmund,548.85,460.0,highway,medium,True,afternoon
RTE-0941,Augsburg,Karlsruhe,256.43,129.0,mixed,medium,False,afternoon
RTE-0942,Frankfurt,Dortmund,31.25,24.0,urban,medium,False,morning
RTE-0943,Nuremberg,Dresden,518.99,330.0,local,low,True,any
RTE-0944,Dusseldorf,Frankfurt,306.11,258.0,mixed,high,False,morning
RTE-0945,Munich,Leipzig,257.96,133.0,secondary,high,True,any
RTE-0946,Berlin,Mannheim,215.68,114.0,urban,medium,True,evening
RTE-0947,Dortmund,Augsburg,270.86,157.0,local,medium,False,any
RTE-0948,Hannover,Cologne,90.2,66.0,highway,medium,True,evening
RTE-0949,Nuremberg,Münchengladbach,355.92,191.0,local,low,False,evening
RTE-0950,Dusseldorf,Mannheim,186.9,155.0,secondary,medium,True,evening
RTE-0951,Bielefeld,Berlin,334.07,205.0,urban,high,True,evening
RTE-0952,Nuremberg,Bonn,111.88,89.0,highway,medium,True,morning
RTE-0953,Dortmund,Hamburg,749.95,529.0,secondary,low,True,afternoon
RTE-0954,Dortmund,Karlsruhe,136.91,78.0,local,high,False,evening
RTE-0955,Wuppertal,Frankfurt,122.46,71.0,local,low,False,afternoon
RTE-0956,Stuttgart,Wuppertal,751.36,484.0,mixed,low,False,evening
RTE-0957,Dresden,Hamburg,293.63,211.0,local,high,False,morning
RTE-0958,Karlsruhe,Berlin,627.95,353.0,urban,medium,False,morning
RTE-0959,Mannheim,Dusseldorf,132.65,112.0,urban,medium,False,any
RTE-0960,Dusseldorf,Dortmund,665.9,373.0,local,medium,False,afternoon
RTE-0961,Münchengladbach,Stuttgart,108.83,91.0,urban,medium,False,morning
RTE-0962,Berlin,Hannover,549.74,,highway,medium,True,morning
RTE-0963,Hamburg,Berlin,274.72,163.0,highway,high,True,afternoon
RTE-0964,Berlin,Dresden,267.04,,highway,low,True,afternoon
RTE-0965,Dresden,Bielefeld,125.88,,mixed,medium,True,afternoon
RTE-0966,Frankfurt,Munster,49.39,,secondary,high,True,evening
RTE-0967,Karlsruhe,Leipzig,689.22,417.0,mixed,low,True,morning
RTE-0968,Dortmund,Leipzig,134.15,76.0,secondary,low,True,morning
RTE-0969,Augsburg,Hannover,732.4,666.0,local,medium,True,afternoon
RTE-0970,Leipzig,Stuttgart,776.2,420.0,urban,low,True,evening
RTE-0971,Wuppertal,Munster,770.55,422.0,urban,medium,False,afternoon
RTE-0972,Dresden,Frankfurt,291.03,,urban,low,False,any
RTE-0973,Wuppertal,Dusseldorf,593.83,383.0,local,medium,True,evening
RTE-0974,Dusseldorf,Cologne,717.57,499.0,highway,medium,True,afternoon
RTE-0975,Dusseldorf,Cologne,322.61,244.0,mixed,low,True,evening
RTE-0976,Stuttgart,Dresden,360.2,320.0,mixed,medium,True,morning
RTE-0977,Münchengladbach,Bonn,179.15,90.0,highway,high,False,any
RTE-0978,Bonn,Munster,430.42,273.0,local,medium,True,afternoon
RTE-0979,Augsburg,Hannover,341.83,317.0,urban,high,True,evening
RTE-0980,Mannheim,Karlsruhe,248.61,243.0,local,low,True,evening
RTE-0981,Leipzig,Dresden,201.81,188.0,mixed,low,False,afternoon
RTE-0982,Bonn,Leipzig,757.09,464.0,urban,high,True,afternoon
RTE-0983,Berlin,Leipzig,454.8,453.0,secondary,medium,False,any
RTE-0984,Karlsruhe,Bonn,604.37,493.0,highway,low,True,afternoon
RTE-0985,Karlsruhe,Hamburg,761.13,635.0,urban,medium,False,evening
RTE-0986,Cologne,Stuttgart,30.44,16.0,local,low,True,morning
RTE-0987,Augsburg,Munster,693.42,508.0,mixed,medium,True,evening
RTE-0988,Hannover,Munich,225.22,139.0,secondary,high,True,morning
RTE-0989,Cologne,Stuttgart,691.02,584.0,mixed,high,True,evening
RTE-0990,Bielefeld,Karlsruhe,452.64,351.0,secondary,medium,False,any
RTE-0991,Wuppertal,Dusseldorf,91.86,46.0,urban,medium,False,afternoon
RTE-0992,Berlin,Stuttgart,476.22,350.0,urban,medium,True,any
RTE-0993,Hamburg,Karlsruhe,300.89,179.0,urban,medium,True,evening
RTE-0994,Stuttgart,Wuppertal,19.0,18.0,urban,low,False,any
RTE-0995,Berlin,Dortmund,189.49,114.0,highway,low,False,morning
RTE-0996,Hamburg,Dresden,413.78,224.0,highway,high,True,morning
RTE-0997,Munster,Dusseldorf,583.77,316.0,urban,high,False,morning
RTE-0998,Hannover,Berlin,589.36,353.0,local,low,True,afternoon
RTE-0999,Cologne,Stuttgart,433.14,223.0,local,high,False,any
RTE-1000,Hamburg,Hannover,702.22,497.0,highway,medium,True,morning
